,match,teamInnings,battingPos,batsmanName,dismissal,runs,balls,4s,6s,SR,status,team_match
0,Namibia Vs Sri lanka,Namibia,1,Michael van Lingen,c Pramod Madushan b Chameera,3,6,0,0,50.00,out,NAM Vs SL
1,Namibia Vs Sri lanka,Namibia,2,Divan la Cock,c Shanaka b Pramod Madushan,9,9,1,0,100.00,out,NAM Vs SL
2,Namibia Vs Sri lanka,Namibia,3,Jan Nicol LoftieEaton,c †Mendis b Karunaratne,20,12,1,2,166.66,out,NAM Vs SL
3,Namibia Vs Sri lanka,Namibia,4,Stephan Baard,c DM de Silva b Pramod Madushan,26,24,2,0,108.33,out,NAM Vs SL
4,Namibia Vs Sri lanka,Namibia,5,Gerhard Erasmus,c Gunathilaka b PWH de Silva,20,24,0,0,83.33,out,NAM Vs SL
5,Namibia Vs Sri lanka,Namibia,6,Jan Frylinck,run out (Gunathilaka/†Mendis),44,28,4,0,157.14,out,NAM Vs SL
6,Namibia Vs Sri lanka,Namibia,7,David Wiese,c †Mendis b Theekshana,0,1,0,0,0.00,out,NAM Vs SL
7,Namibia Vs Sri lanka,Namibia,8,JJ Smit,,31,16,2,2,193.75,not_out,NAM Vs SL
8,Namibia Vs Sri lanka,Sri Lanka,1,Pathum Nissanka,c Smit b Shikongo,9,10,1,0,90.00,out,NAM Vs SL
9,Namibia Vs Sri lanka,Sri Lanka,2,Kusal Mendis,c †Green b Wiese,6,6,0,0,100.00,out,NAM Vs SL
10,Namibia Vs Sri lanka,Sri Lanka,3,Dhananjaya de Silva,c Shikongo b Frylinck,12,11,1,0,109.09,out,NAM Vs SL
11,Namibia Vs Sri lanka,Sri Lanka,4,Danushka Gunathilaka,c †Green b Shikongo,0,1,0,0,0.00,out,NAM Vs SL
12,Namibia Vs Sri lanka,Sri Lanka,5,Bhanuka Rajapaksa,c la Cock b Scholtz,20,21,2,0,95.23,out,NAM Vs SL
13,Namibia Vs Sri lanka,Sri Lanka,6,Dasun Shanaka,c †Green b Frylinck,29,23,2,1,126.08,out,NAM Vs SL
14,Namibia Vs Sri lanka,Sri Lanka,7,Wanindu Hasaranga de Silva,c Loftie-Eaton b Scholtz,4,8,0,0,50.00,out,NAM Vs SL
15,Namibia Vs Sri lanka,Sri Lanka,8,Chamika Karunaratne,c Baard b Smit,5,8,0,0,62.50,out,NAM Vs SL
16,Namibia Vs Sri lanka,Sri Lanka,9,Pramod Madushan,run out (van Lingen/†Green),0,0,0,0,-,out,NAM Vs SL
17,Namibia Vs Sri lanka,Sri Lanka,10,Dushmantha Chameera,c Erasmus b Wiese,8,15,0,0,53.33,out,NAM Vs SL
18,Namibia Vs Sri lanka,Sri Lanka,11,Maheesh Theekshana,,11,11,0,1,100.00,not_out,NAM Vs SL
19,Netherlands Vs U.a.e.,U.A.E.,1,Chirag Suri,c †Edwards b van der Merwe,12,20,1,0,60.00,out,NED Vs UAE
20,Netherlands Vs U.a.e.,U.A.E.,2,Muhammad Waseem,c Pringle b Klaassen,41,47,1,2,87.23,out,NED Vs UAE
21,Netherlands Vs U.a.e.,U.A.E.,3,Kashif Daud, b Pringle,15,14,0,1,107.14,out,NED Vs UAE
22,Netherlands Vs U.a.e.,U.A.E.,4,Vriitya Aravind,c Klaassen b de Leede,18,21,0,0,85.71,out,NED Vs UAE
23,Netherlands Vs U.a.e.,U.A.E.,5,Zawar Farid,run out (Ackermann/†Edwards),2,4,0,0,50.00,out,NED Vs UAE
24,Netherlands Vs U.a.e.,U.A.E.,6,Basil Hameed,c van der Merwe b de Leede,4,4,1,0,100.00,out,NED Vs UAE
25,Netherlands Vs U.a.e.,U.A.E.,7,Chundangapoyil Rizwan, b de Leede,1,2,0,0,50.00,out,NED Vs UAE
26,Netherlands Vs U.a.e.,U.A.E.,8,Aayan Afzal Khan,c Cooper b Klaassen,5,7,0,0,71.42,out,NED Vs UAE
27,Netherlands Vs U.a.e.,U.A.E.,9,Karthik Meiyappan,,0,0,0,0,-,not_out,NED Vs UAE
28,Netherlands Vs U.a.e.,U.A.E.,10,Junaid Siddique,,0,1,0,0,0.00,not_out,NED Vs UAE
29,Netherlands Vs U.a.e.,Netherlands,1,Vikramjit Singh, b Basil Hameed,10,7,2,0,142.85,out,NED Vs UAE
30,Netherlands Vs U.a.e.,Netherlands,2,Max ODowd, b Junaid Siddique,23,18,3,1,127.77,out,NED Vs UAE
31,Netherlands Vs U.a.e.,Netherlands,3,Bas de Leede,c Rizwan b Meiyappan,14,18,1,0,77.77,out,NED Vs UAE
32,Netherlands Vs U.a.e.,Netherlands,4,Colin Ackermann,c Junaid Siddique b Aayan Afzal Khan,17,19,1,0,89.47,out,NED Vs UAE
33,Netherlands Vs U.a.e.,Netherlands,5,Tom Cooper,lbw b Junaid Siddique,8,16,0,0,50.00,out,NED Vs UAE
34,Netherlands Vs U.a.e.,Netherlands,6,Scott Edwards,,16,19,0,0,84.21,not_out,NED Vs UAE
35,Netherlands Vs U.a.e.,Netherlands,7,Roelof van der Merwe, b Junaid Siddique,0,2,0,0,0.00,out,NED Vs UAE
36,Netherlands Vs U.a.e.,Netherlands,8,Tim Pringle, b Zahoor Khan,15,16,0,0,93.75,out,NED Vs UAE
37,Netherlands Vs U.a.e.,Netherlands,9,Logan van Beek,,4,4,0,0,100.00,not_out,NED Vs UAE
38,Scotland Vs West indies,Scotland,1,George Munsey,,66,53,9,0,124.52,not_out,SCO Vs WI
39,Scotland Vs West indies,Scotland,2,Michael Jones, b Holder,20,17,3,0,117.64,out,SCO Vs WI
40,Scotland Vs West indies,Scotland,3,Matthew Cross,c Brooks b Holder,3,5,0,0,60.00,out,SCO Vs WI
41,Scotland Vs West indies,Scotland,4,Richie Berrington,c Mayers b Joseph,16,14,0,1,114.28,out,SCO Vs WI
42,Scotland Vs West indies,Scotland,5,Calum MacLeod,c King b Smith,23,14,4,0,164.28,out,SCO Vs WI
43,Scotland Vs West indies,Scotland,6,Michael Leask, b Joseph,4,6,0,0,66.66,out,SCO Vs WI
44,Scotland Vs West indies,Scotland,7,Chris Greaves,,16,11,2,0,145.45,not_out,SCO Vs WI
45,Scotland Vs West indies,West Indies,1,Kyle Mayers,c Munsey b Davey,20,13,3,1,153.84,out,SCO Vs WI
46,Scotland Vs West indies,West Indies,2,Evin Lewis,c Jones b Wheal,14,13,1,1,107.69,out,SCO Vs WI
47,Scotland Vs West indies,West Indies,3,Brandon King, b Watt,17,15,3,0,113.33,out,SCO Vs WI
48,Scotland Vs West indies,West Indies,4,Nicholas Pooran, b Leask,5,9,0,0,55.55,out,SCO Vs WI
49,Scotland Vs West indies,West Indies,5,Shamarh Brooks,c Leask b Wheal,4,9,0,0,44.44,out,SCO Vs WI
50,Scotland Vs West indies,West Indies,6,Rovman Powell,c MacLeod b Leask,5,6,0,0,83.33,out,SCO Vs WI
51,Scotland Vs West indies,West Indies,7,Jason Holder,c Greaves b Sharif,38,33,4,1,115.15,out,SCO Vs WI
52,Scotland Vs West indies,West Indies,8,Akeal Hosein,run out (†Cross/Leask),1,1,0,0,100.00,out,SCO Vs WI
53,Scotland Vs West indies,West Indies,9,Alzarri Joseph,c †Cross b Watt,0,1,0,0,0.00,out,SCO Vs WI
54,Scotland Vs West indies,West Indies,10,Odean Smith,c Greaves b Watt,5,8,0,0,62.50,out,SCO Vs WI
55,Scotland Vs West indies,West Indies,11,Obed McCoy,,2,3,0,0,66.66,not_out,SCO Vs WI
56,Ireland Vs Zimbabwe,Zimbabwe,1,Regis Chakabva,c †Tucker b Little,0,2,0,0,0.00,out,IRE Vs ZIM
57,Ireland Vs Zimbabwe,Zimbabwe,2,Craig Ervine,st †Tucker b Simi Singh,9,12,1,0,75.00,out,IRE Vs ZIM
58,Ireland Vs Zimbabwe,Zimbabwe,3,Wessly Madhevere,c Delany b Little,22,19,4,0,115.78,out,IRE Vs ZIM
59,Ireland Vs Zimbabwe,Zimbabwe,4,Sean Williams,c Tector b Simi Singh,12,11,0,1,109.09,out,IRE Vs ZIM
60,Ireland Vs Zimbabwe,Zimbabwe,5,Sikandar Raza, b Adair,82,48,5,5,170.83,out,IRE Vs ZIM
61,Ireland Vs Zimbabwe,Zimbabwe,6,Milton Shumba,c Little b Adair,16,14,1,0,114.28,out,IRE Vs ZIM
62,Ireland Vs Zimbabwe,Zimbabwe,7,Ryan Burl,c Adair b Little,1,4,0,0,25.00,out,IRE Vs ZIM
63,Ireland Vs Zimbabwe,Zimbabwe,8,Luke Jongwe,,20,10,3,0,200.00,not_out,IRE Vs ZIM
64,Ireland Vs Zimbabwe,Ireland,1,Paul Stirling, b Ngarava,0,2,0,0,0.00,out,IRE Vs ZIM
65,Ireland Vs Zimbabwe,Ireland,2,Andy Balbirnie,c Ervine b Muzarabani,3,4,0,0,75.00,out,IRE Vs ZIM
66,Ireland Vs Zimbabwe,Ireland,3,Lorcan Tucker, b Ngarava,11,11,2,0,100.00,out,IRE Vs ZIM
67,Ireland Vs Zimbabwe,Ireland,4,Harry Tector,c Ervine b Muzarabani,1,4,0,0,25.00,out,IRE Vs ZIM
68,Ireland Vs Zimbabwe,Ireland,5,Curtis Campher, b Williams,27,22,1,0,122.72,out,IRE Vs ZIM
69,Ireland Vs Zimbabwe,Ireland,6,George Dockrell, b Sikandar Raza,24,20,3,0,120.00,out,IRE Vs ZIM
70,Ireland Vs Zimbabwe,Ireland,7,Gareth Delany,c Shumba b Chatara,24,20,1,1,120.00,out,IRE Vs ZIM
71,Ireland Vs Zimbabwe,Ireland,8,Mark Adair,c Sikandar Raza b Muzarabani,9,10,0,1,90.00,out,IRE Vs ZIM
72,Ireland Vs Zimbabwe,Ireland,9,Simi Singh, b Chatara,0,1,0,0,0.00,out,IRE Vs ZIM
73,Ireland Vs Zimbabwe,Ireland,10,Barry McCarthy,,22,16,1,2,137.50,not_out,IRE Vs ZIM
74,Ireland Vs Zimbabwe,Ireland,11,Josh Little,,7,11,1,0,63.63,not_out,IRE Vs ZIM
75,Namibia Vs Netherlands,Namibia,1,Michael van Lingen,c de Leede b Ackermann,20,19,3,0,105.26,out,NAM Vs NED
76,Namibia Vs Netherlands,Namibia,2,Divan la Cock,c de Leede b Pringle,0,2,0,0,0.00,out,NAM Vs NED
77,Namibia Vs Netherlands,Namibia,3,Stephan Baard,c Klaassen b van der Merwe,19,22,0,0,86.36,out,NAM Vs NED
78,Namibia Vs Netherlands,Namibia,4,Jan Nicol LoftieEaton,c †Edwards b van Meekeren,0,2,0,0,0.00,out,NAM Vs NED
79,Namibia Vs Netherlands,Namibia,5,Jan Frylinck,c van Meekeren b de Leede,43,48,1,1,89.58,out,NAM Vs NED
80,Namibia Vs Netherlands,Namibia,6,Gerhard Erasmus, b de Leede,16,18,0,0,88.88,out,NAM Vs NED
81,Namibia Vs Netherlands,Namibia,7,David Wiese,,11,5,1,0,220.00,not_out,NAM Vs NED
82,Namibia Vs Netherlands,Namibia,8,JJ Smit,,5,4,1,0,125.00,not_out,NAM Vs NED
83,Namibia Vs Netherlands,Netherlands,1,Max ODowd,run out (Erasmus),35,35,1,1,100.00,out,NAM Vs NED
84,Namibia Vs Netherlands,Netherlands,2,Vikramjit Singh,c Loftie-Eaton b Scholtz,39,31,3,2,125.80,out,NAM Vs NED
85,Namibia Vs Netherlands,Netherlands,3,Bas de Leede,,30,30,2,0,100.00,not_out,NAM Vs NED
86,Namibia Vs Netherlands,Netherlands,4,Tom Cooper,c van Lingen b Smit,6,6,1,0,100.00,out,NAM Vs NED
87,Namibia Vs Netherlands,Netherlands,5,Colin Ackermann,c Erasmus b Smit,0,2,0,0,0.00,out,NAM Vs NED
88,Namibia Vs Netherlands,Netherlands,6,Scott Edwards,c Loftie-Eaton b Frylinck,1,5,0,0,20.00,out,NAM Vs NED
89,Namibia Vs Netherlands,Netherlands,7,Tim Pringle,,8,9,0,0,88.88,not_out,NAM Vs NED
90,Sri lanka Vs U.a.e.,Sri Lanka,1,Pathum Nissanka,c Basil Hameed b Zahoor Khan,74,60,6,2,123.33,out,SL Vs UAE
91,Sri lanka Vs U.a.e.,Sri Lanka,2,Kusal Mendis,lbw b Aryan Lakra,18,13,2,0,138.46,out,SL Vs UAE
92,Sri lanka Vs U.a.e.,Sri Lanka,3,Dhananjaya de Silva,run out (Muhammad Waseem/Aayan Afzal Khan),33,21,3,1,157.14,out,SL Vs UAE
93,Sri lanka Vs U.a.e.,Sri Lanka,4,Bhanuka Rajapaksa,c Kashif Daud b Meiyappan,5,8,0,0,62.50,out,SL Vs UAE
94,Sri lanka Vs U.a.e.,Sri Lanka,5,Charith Asalanka,c †Aravind b Meiyappan,0,1,0,0,0.00,out,SL Vs UAE
95,Sri lanka Vs U.a.e.,Sri Lanka,6,Dasun Shanaka, b Meiyappan,0,1,0,0,0.00,out,SL Vs UAE
96,Sri lanka Vs U.a.e.,Sri Lanka,7,Wanindu Hasaranga de Silva,c Basil Hameed b Aayan Afzal Khan,2,3,0,0,66.66,out,SL Vs UAE
97,Sri lanka Vs U.a.e.,Sri Lanka,8,Chamika Karunaratne,c Kashif Daud b Zahoor Khan,8,11,1,0,72.72,out,SL Vs UAE
98,Sri lanka Vs U.a.e.,Sri Lanka,9,Pramod Madushan,,1,1,0,0,100.00,not_out,SL Vs UAE
99,Sri lanka Vs U.a.e.,Sri Lanka,10,Dushmantha Chameera,,1,1,0,0,100.00,not_out,SL Vs UAE
100,Sri lanka Vs U.a.e.,U.A.E.,1,Muhammad Waseem, b Chameera,2,4,0,0,50.00,out,SL Vs UAE
101,Sri lanka Vs U.a.e.,U.A.E.,2,Chirag Suri, b Pramod Madushan,14,19,3,0,73.68,out,SL Vs UAE
102,Sri lanka Vs U.a.e.,U.A.E.,3,Aryan Lakra, b Chameera,1,3,0,0,33.33,out,SL Vs UAE
103,Sri lanka Vs U.a.e.,U.A.E.,4,Chundangapoyil Rizwan,c Rajapaksa b Chameera,1,3,0,0,33.33,out,SL Vs UAE
104,Sri lanka Vs U.a.e.,U.A.E.,5,Vriitya Aravind,lbw b PWH de Silva,9,18,1,0,50.00,out,SL Vs UAE
105,Sri lanka Vs U.a.e.,U.A.E.,6,Basil Hameed,c DM de Silva b Shanaka,2,6,0,0,33.33,out,SL Vs UAE
106,Sri lanka Vs U.a.e.,U.A.E.,7,Aayan Afzal Khan, b PWH de Silva,19,21,1,0,90.47,out,SL Vs UAE
107,Sri lanka Vs U.a.e.,U.A.E.,8,Kashif Daud,lbw b PWH de Silva,0,4,0,0,0.00,out,SL Vs UAE
108,Sri lanka Vs U.a.e.,U.A.E.,9,Karthik Meiyappan,st †Mendis b Theekshana,4,8,0,0,50.00,out,SL Vs UAE
109,Sri lanka Vs U.a.e.,U.A.E.,10,Junaid Siddique,c Nissanka b Theekshana,18,16,1,1,112.50,out,SL Vs UAE
110,Sri lanka Vs U.a.e.,U.A.E.,11,Zahoor Khan,,1,1,0,0,100.00,not_out,SL Vs UAE
111,Ireland Vs Scotland,Scotland,1,George Munsey,lbw b Adair,1,2,0,0,50.00,out,IRE Vs SCO
112,Ireland Vs Scotland,Scotland,2,Michael Jones,c Adair b Little,86,55,6,4,156.36,out,IRE Vs SCO
113,Ireland Vs Scotland,Scotland,3,Matthew Cross,c McCarthy b Campher,28,21,5,0,133.33,out,IRE Vs SCO
114,Ireland Vs Scotland,Scotland,4,Richie Berrington,c Dockrell b Campher,37,27,3,1,137.03,out,IRE Vs SCO
115,Ireland Vs Scotland,Scotland,5,Michael Leask,,17,13,2,0,130.76,not_out,IRE Vs SCO
116,Ireland Vs Scotland,Scotland,6,Calum MacLeod,run out (†Tucker),0,3,0,0,0.00,out,IRE Vs SCO
117,Ireland Vs Scotland,Ireland,1,Paul Stirling,c †Cross b Sharif,8,10,1,0,80.00,out,IRE Vs SCO
118,Ireland Vs Scotland,Ireland,2,Andy Balbirnie,c Jones b Wheal,14,12,2,0,116.66,out,IRE Vs SCO
119,Ireland Vs Scotland,Ireland,3,Lorcan Tucker,c Davey b Watt,20,17,2,0,117.64,out,IRE Vs SCO
120,Ireland Vs Scotland,Ireland,4,Harry Tector,c Greaves b Leask,14,16,1,0,87.50,out,IRE Vs SCO
121,Ireland Vs Scotland,Ireland,5,Curtis Campher,,72,32,7,2,225.00,not_out,IRE Vs SCO
122,Ireland Vs Scotland,Ireland,6,George Dockrell,,39,27,4,1,144.44,not_out,IRE Vs SCO
123,West indies Vs Zimbabwe,West Indies,1,Kyle Mayers,c †Chakabva b Muzarabani,13,12,2,0,108.33,out,WI Vs ZIM
124,West indies Vs Zimbabwe,West Indies,2,Johnson Charles,run out (Munyonga/Williams),45,36,3,2,125.00,out,WI Vs ZIM
125,West indies Vs Zimbabwe,West Indies,3,Evin Lewis,c Shumba b Sikandar Raza,15,18,1,0,83.33,out,WI Vs ZIM
126,West indies Vs Zimbabwe,West Indies,4,Nicholas Pooran,c & b Williams,7,9,0,0,77.77,out,WI Vs ZIM
127,West indies Vs Zimbabwe,West Indies,5,Rovman Powell,c Ngarava b Muzarabani,28,21,1,2,133.33,out,WI Vs ZIM
128,West indies Vs Zimbabwe,West Indies,6,Shamarh Brooks,lbw b Sikandar Raza,0,3,0,0,0.00,out,WI Vs ZIM
129,West indies Vs Zimbabwe,West Indies,7,Jason Holder,c & b Sikandar Raza,4,3,0,0,133.33,out,WI Vs ZIM
130,West indies Vs Zimbabwe,West Indies,8,Akeal Hosein,,23,18,2,0,127.77,not_out,WI Vs ZIM
131,West indies Vs Zimbabwe,West Indies,9,Odean Smith,,1,2,0,0,50.00,not_out,WI Vs ZIM
132,West indies Vs Zimbabwe,Zimbabwe,1,Wessly Madhevere,c Lewis b Holder,27,19,3,1,142.10,out,WI Vs ZIM
133,West indies Vs Zimbabwe,Zimbabwe,2,Regis Chakabva, b Joseph,13,9,3,0,144.44,out,WI Vs ZIM
134,West indies Vs Zimbabwe,Zimbabwe,3,Tony Munyonga, b Joseph,2,6,0,0,33.33,out,WI Vs ZIM
135,West indies Vs Zimbabwe,Zimbabwe,4,Sean Williams,c †Pooran b McCoy,1,2,0,0,50.00,out,WI Vs ZIM
136,West indies Vs Zimbabwe,Zimbabwe,5,Sikandar Raza,c Powell b Smith,14,8,1,1,175.00,out,WI Vs ZIM
137,West indies Vs Zimbabwe,Zimbabwe,6,Milton Shumba,c Brooks b Hosein,2,9,0,0,22.22,out,WI Vs ZIM
138,West indies Vs Zimbabwe,Zimbabwe,7,Ryan Burl,lbw b Holder,17,19,3,0,89.47,out,WI Vs ZIM
139,West indies Vs Zimbabwe,Zimbabwe,8,Luke Jongwe, b Joseph,29,22,3,1,131.81,out,WI Vs ZIM
140,West indies Vs Zimbabwe,Zimbabwe,9,Richard Ngarava, b Joseph,2,6,0,0,33.33,out,WI Vs ZIM
141,West indies Vs Zimbabwe,Zimbabwe,10,Tendai Chatara, b Holder,3,8,0,0,37.50,out,WI Vs ZIM
142,West indies Vs Zimbabwe,Zimbabwe,11,Blessing Muzarabani,,1,4,0,0,25.00,not_out,WI Vs ZIM
143,Netherlands Vs Sri lanka,Sri Lanka,1,Pathum Nissanka, b van Meekeren,14,21,0,1,66.66,out,NED Vs SL
144,Netherlands Vs Sri lanka,Sri Lanka,2,Kusal Mendis,c sub (LV van Beek) b van der Gugten,79,44,5,5,179.54,out,NED Vs SL
145,Netherlands Vs Sri lanka,Sri Lanka,3,Dhananjaya de Silva,lbw b van Meekeren,0,1,0,0,0.00,out,NED Vs SL
146,Netherlands Vs Sri lanka,Sri Lanka,4,Charith Asalanka,c †Edwards b de Leede,31,30,3,0,103.33,out,NED Vs SL
147,Netherlands Vs Sri lanka,Sri Lanka,5,Bhanuka Rajapaksa,c Pringle b de Leede,19,13,2,0,146.15,out,NED Vs SL
148,Netherlands Vs Sri lanka,Sri Lanka,6,Dasun Shanaka,c Ackermann b Klaassen,8,5,0,1,160.00,out,NED Vs SL
149,Netherlands Vs Sri lanka,Sri Lanka,7,Wanindu Hasaranga de Silva,,5,4,0,0,125.00,not_out,NED Vs SL
150,Netherlands Vs Sri lanka,Sri Lanka,8,Chamika Karunaratne,,2,2,0,0,100.00,not_out,NED Vs SL
151,Netherlands Vs Sri lanka,Netherlands,1,Max ODowd,,71,53,6,3,133.96,not_out,NED Vs SL
152,Netherlands Vs Sri lanka,Netherlands,2,Vikramjit Singh,c Shanaka b Theekshana,7,14,0,0,50.00,out,NED Vs SL
153,Netherlands Vs Sri lanka,Netherlands,3,Bas de Leede,c †Mendis b Kumara,14,10,1,1,140.00,out,NED Vs SL
154,Netherlands Vs Sri lanka,Netherlands,4,Colin Ackermann,c & b PWH de Silva,0,1,0,0,0.00,out,NED Vs SL
155,Netherlands Vs Sri lanka,Netherlands,5,Tom Cooper, b Theekshana,16,19,2,0,84.21,out,NED Vs SL
156,Netherlands Vs Sri lanka,Netherlands,6,Scott Edwards, b Fernando,21,15,3,0,140.00,out,NED Vs SL
157,Netherlands Vs Sri lanka,Netherlands,7,Tim Pringle,run out (DM de Silva),2,4,0,0,50.00,out,NED Vs SL
158,Netherlands Vs Sri lanka,Netherlands,8,Timm van der Gugten, b PWH de Silva,0,1,0,0,0.00,out,NED Vs SL
159,Netherlands Vs Sri lanka,Netherlands,9,Fred Klaassen, b PWH de Silva,3,3,0,0,100.00,out,NED Vs SL
160,Netherlands Vs Sri lanka,Netherlands,10,Paul van Meekeren,run out (Shanaka),0,0,0,0,-,out,NED Vs SL
161,Netherlands Vs Sri lanka,Netherlands,11,Roelof van der Merwe,,0,1,0,0,0.00,not_out,NED Vs SL
162,Namibia Vs U.a.e.,U.A.E.,1,Muhammad Waseem,c Trumpelmann b Shikongo,50,41,1,3,121.95,out,NAM Vs UAE
163,Namibia Vs U.a.e.,U.A.E.,2,Vriitya Aravind,c van Lingen b Scholtz,21,32,2,0,65.62,out,NAM Vs UAE
164,Namibia Vs U.a.e.,U.A.E.,3,Chundangapoyil Rizwan,,43,29,3,1,148.27,not_out,NAM Vs UAE
165,Namibia Vs U.a.e.,U.A.E.,4,Alishan Sharafu,c †Green b Wiese,4,4,0,0,100.00,out,NAM Vs UAE
166,Namibia Vs U.a.e.,U.A.E.,5,Basil Hameed,,25,14,2,2,178.57,not_out,NAM Vs UAE
167,Namibia Vs U.a.e.,Namibia,1,Michael van Lingen,c Sharafu b Basil Hameed,10,8,1,0,125.00,out,NAM Vs UAE
168,Namibia Vs U.a.e.,Namibia,2,Stephan Baard,c Ahmed Raza b Junaid Siddique,4,6,1,0,66.66,out,NAM Vs UAE
169,Namibia Vs U.a.e.,Namibia,3,Jan Nicol LoftieEaton,lbw b Basil Hameed,1,6,0,0,16.66,out,NAM Vs UAE
170,Namibia Vs U.a.e.,Namibia,4,Gerhard Erasmus, b Meiyappan,16,18,2,0,88.88,out,NAM Vs UAE
171,Namibia Vs U.a.e.,Namibia,5,Jan Frylinck, b Zahoor Khan,14,17,1,0,82.35,out,NAM Vs UAE
172,Namibia Vs U.a.e.,Namibia,6,JJ Smit,run out (Meiyappan/Ahmed Raza),3,3,0,0,100.00,out,NAM Vs UAE
173,Namibia Vs U.a.e.,Namibia,7,David Wiese,c Sharafu b Muhammad Waseem,55,36,3,3,152.77,out,NAM Vs UAE
174,Namibia Vs U.a.e.,Namibia,8,Zane Green, b Zahoor Khan,2,3,0,0,66.66,out,NAM Vs UAE
175,Namibia Vs U.a.e.,Namibia,9,Ruben Trumpelmann,,25,24,1,1,104.16,not_out,NAM Vs UAE
176,Namibia Vs U.a.e.,Namibia,10,Bernard Scholtz,,1,1,0,0,100.00,not_out,NAM Vs UAE
177,Ireland Vs West indies,West Indies,1,Kyle Mayers,c Tector b McCarthy,1,5,0,0,20.00,out,IRE Vs WI
178,Ireland Vs West indies,West Indies,2,Johnson Charles,c Campher b Simi Singh,24,18,3,1,133.33,out,IRE Vs WI
179,Ireland Vs West indies,West Indies,3,Evin Lewis,c Adair b Delany,13,18,0,0,72.22,out,IRE Vs WI
180,Ireland Vs West indies,West Indies,4,Brandon King,,62,48,6,1,129.16,not_out,IRE Vs WI
181,Ireland Vs West indies,West Indies,5,Nicholas Pooran,c Tector b Delany,13,11,0,1,118.18,out,IRE Vs WI
182,Ireland Vs West indies,West Indies,6,Rovman Powell,c Tector b Delany,6,8,1,0,75.00,out,IRE Vs WI
183,Ireland Vs West indies,West Indies,7,Odean Smith,,19,12,1,2,158.33,not_out,IRE Vs WI
184,Ireland Vs West indies,Ireland,1,Paul Stirling,,66,48,6,2,137.50,not_out,IRE Vs WI
185,Ireland Vs West indies,Ireland,2,Andy Balbirnie,c Mayers b Hosein,37,23,3,3,160.86,out,IRE Vs WI
186,Ireland Vs West indies,Ireland,3,Lorcan Tucker,,45,35,2,2,128.57,not_out,IRE Vs WI
187,Scotland Vs Zimbabwe,Scotland,1,George Munsey,c Shumba b Ngarava,54,51,7,0,105.88,out,SCO Vs ZIM
188,Scotland Vs Zimbabwe,Scotland,2,Michael Jones,c Sikandar Raza b Chatara,4,5,1,0,80.00,out,SCO Vs ZIM
189,Scotland Vs Zimbabwe,Scotland,3,Matthew Cross,c Madhevere b Ngarava,1,7,0,0,14.28,out,SCO Vs ZIM
190,Scotland Vs Zimbabwe,Scotland,4,Richie Berrington,c Shumba b Sikandar Raza,13,15,0,0,86.66,out,SCO Vs ZIM
191,Scotland Vs Zimbabwe,Scotland,5,Calum MacLeod,c Jongwe b Chatara,25,26,1,0,96.15,out,SCO Vs ZIM
192,Scotland Vs Zimbabwe,Scotland,6,Michael Leask, b Muzarabani,12,9,2,0,133.33,out,SCO Vs ZIM
193,Scotland Vs Zimbabwe,Scotland,7,Chris Greaves,,3,7,0,0,42.85,not_out,SCO Vs ZIM
194,Scotland Vs Zimbabwe,Scotland,8,Josh Davey,,4,3,0,0,133.33,not_out,SCO Vs ZIM
195,Scotland Vs Zimbabwe,Zimbabwe,1,Regis Chakabva,lbw b Wheal,4,3,1,0,133.33,out,SCO Vs ZIM
196,Scotland Vs Zimbabwe,Zimbabwe,2,Craig Ervine,c MacLeod b Watt,58,54,6,0,107.40,out,SCO Vs ZIM
197,Scotland Vs Zimbabwe,Zimbabwe,3,Wessly Madhevere, b Davey,0,5,0,0,0.00,out,SCO Vs ZIM
198,Scotland Vs Zimbabwe,Zimbabwe,4,Sean Williams,c Wheal b Leask,7,12,0,0,58.33,out,SCO Vs ZIM
199,Scotland Vs Zimbabwe,Zimbabwe,5,Sikandar Raza,c †Cross b Davey,40,23,3,2,173.91,out,SCO Vs ZIM
200,Scotland Vs Zimbabwe,Zimbabwe,6,Milton Shumba,,11,11,0,0,100.00,not_out,SCO Vs ZIM
201,Scotland Vs Zimbabwe,Zimbabwe,7,Ryan Burl,,9,5,1,0,180.00,not_out,SCO Vs ZIM
202,Australia Vs New zealand,New Zealand,1,Finn Allen, b Hazlewood,42,16,5,3,262.50,out,AUS Vs NZ
203,Australia Vs New zealand,New Zealand,2,Devon Conway,,92,58,7,2,158.62,not_out,AUS Vs NZ
204,Australia Vs New zealand,New Zealand,3,Kane Williamson,lbw b Zampa,23,23,1,1,100.00,out,AUS Vs NZ
205,Australia Vs New zealand,New Zealand,4,Glenn Phillips,c & b Hazlewood,12,10,2,0,120.00,out,AUS Vs NZ
206,Australia Vs New zealand,New Zealand,5,James Neesham,,26,13,0,2,200.00,not_out,AUS Vs NZ
207,Australia Vs New zealand,Australia,1,David Warner, b Southee,5,6,1,0,83.33,out,AUS Vs NZ
208,Australia Vs New zealand,Australia,2,Aaron Finch,c Williamson b Santner,13,11,1,1,118.18,out,AUS Vs NZ
209,Australia Vs New zealand,Australia,3,Mitchell Marsh,c Neesham b Southee,16,12,2,1,133.33,out,AUS Vs NZ
210,Australia Vs New zealand,Australia,4,Glenn Maxwell, b Sodhi,28,20,3,1,140.00,out,AUS Vs NZ
211,Australia Vs New zealand,Australia,5,Marcus Stoinis,c Phillips b Santner,7,14,0,0,50.00,out,AUS Vs NZ
212,Australia Vs New zealand,Australia,6,Tim David,c Neesham b Santner,11,8,0,1,137.50,out,AUS Vs NZ
213,Australia Vs New zealand,Australia,7,Matthew Wade,c †Conway b Ferguson,2,4,0,0,50.00,out,AUS Vs NZ
214,Australia Vs New zealand,Australia,8,Pat Cummins,c †Conway b Southee,21,18,2,1,116.66,out,AUS Vs NZ
215,Australia Vs New zealand,Australia,9,Mitchell Starc, b Boult,4,7,0,0,57.14,out,AUS Vs NZ
216,Australia Vs New zealand,Australia,10,Adam Zampa, b Boult,0,2,0,0,0.00,out,AUS Vs NZ
217,Australia Vs New zealand,Australia,11,Josh Hazlewood,,1,1,0,0,100.00,not_out,AUS Vs NZ
218,Afghanistan Vs England,Afghanistan,1,Hazratullah Zazai,c Livingstone b Stokes,7,17,1,0,41.17,out,AFG Vs ENG
219,Afghanistan Vs England,Afghanistan,2,Rahmanullah Gurbaz,c †Buttler b Wood,10,9,0,1,111.11,out,AFG Vs ENG
220,Afghanistan Vs England,Afghanistan,3,Ibrahim Zadran,c Ali b Curran,32,32,3,1,100.00,out,AFG Vs ENG
221,Afghanistan Vs England,Afghanistan,4,Usman Ghani,c Livingstone b Curran,30,30,3,0,100.00,out,AFG Vs ENG
222,Afghanistan Vs England,Afghanistan,5,Najibullah Zadran,c Rashid b Stokes,13,11,0,1,118.18,out,AFG Vs ENG
223,Afghanistan Vs England,Afghanistan,6,Mohammad Nabi,c †Buttler b Wood,3,5,0,0,60.00,out,AFG Vs ENG
224,Afghanistan Vs England,Afghanistan,7,Azmatullah Omarzai,c Stokes b Curran,8,6,1,0,133.33,out,AFG Vs ENG
225,Afghanistan Vs England,Afghanistan,8,Rashid Khan,c Hales b Curran,0,1,0,0,0.00,out,AFG Vs ENG
226,Afghanistan Vs England,Afghanistan,9,Mujeeb Ur Rahman,c & b Woakes,0,1,0,0,0.00,out,AFG Vs ENG
227,Afghanistan Vs England,Afghanistan,10,Fareed Ahmad,,2,4,0,0,50.00,not_out,AFG Vs ENG
228,Afghanistan Vs England,Afghanistan,11,Fazalhaq Farooqi,c Malan b Curran,0,2,0,0,0.00,out,AFG Vs ENG
229,Afghanistan Vs England,England,1,Jos Buttler,c Mujeeb Ur Rahman b Fazalhaq Farooqi,18,18,3,0,100.00,out,AFG Vs ENG
230,Afghanistan Vs England,England,2,Alex Hales,c Fazalhaq Farooqi b Fareed Ahmad,19,20,0,1,95.00,out,AFG Vs ENG
231,Afghanistan Vs England,England,3,Dawid Malan,c Mohammad Nabi b Mujeeb Ur Rahman,18,30,0,0,60.00,out,AFG Vs ENG
232,Afghanistan Vs England,England,4,Ben Stokes, b Mohammad Nabi,2,4,0,0,50.00,out,AFG Vs ENG
233,Afghanistan Vs England,England,5,Liam Livingstone,,29,21,3,0,138.09,not_out,AFG Vs ENG
234,Afghanistan Vs England,England,6,Harry Brook,c Ibrahim Zadran b Rashid Khan,7,6,0,0,116.66,out,AFG Vs ENG
235,Afghanistan Vs England,England,7,Moeen Ali,,8,10,0,0,80.00,not_out,AFG Vs ENG
236,Ireland Vs Sri lanka,Ireland,1,Paul Stirling,c Rajapaksa b DM de Silva,34,25,4,1,136.00,out,IRE Vs SL
237,Ireland Vs Sri lanka,Ireland,2,Andy Balbirnie, b Kumara,1,5,0,0,20.00,out,IRE Vs SL
238,Ireland Vs Sri lanka,Ireland,3,Lorcan Tucker, b Theekshana,10,11,1,0,90.90,out,IRE Vs SL
239,Ireland Vs Sri lanka,Ireland,4,Harry Tector,c Shanaka b Fernando,45,42,2,1,107.14,out,IRE Vs SL
240,Ireland Vs Sri lanka,Ireland,5,Curtis Campher,c Asalanka b Karunaratne,2,4,0,0,50.00,out,IRE Vs SL
241,Ireland Vs Sri lanka,Ireland,6,George Dockrell, b Theekshana,14,16,0,0,87.50,out,IRE Vs SL
242,Ireland Vs Sri lanka,Ireland,7,Gareth Delany,c Karunaratne b PWH de Silva,9,6,1,0,150.00,out,IRE Vs SL
243,Ireland Vs Sri lanka,Ireland,8,Mark Adair,c Karunaratne b PWH de Silva,0,1,0,0,0.00,out,IRE Vs SL
244,Ireland Vs Sri lanka,Ireland,9,Simi Singh,,7,8,1,0,87.50,not_out,IRE Vs SL
245,Ireland Vs Sri lanka,Ireland,10,Barry McCarthy,,2,2,0,0,100.00,not_out,IRE Vs SL
246,Ireland Vs Sri lanka,Sri Lanka,1,Kusal Mendis,,68,43,5,3,158.13,not_out,IRE Vs SL
247,Ireland Vs Sri lanka,Sri Lanka,2,Dhananjaya de Silva,c †Tucker b Delany,31,25,2,1,124.00,out,IRE Vs SL
248,Ireland Vs Sri lanka,Sri Lanka,3,Charith Asalanka,,31,22,2,0,140.90,not_out,IRE Vs SL
249,India Vs Pakistan,Pakistan,1,Mohammad Rizwan,c Kumar b Arshdeep Singh,4,12,1,0,33.33,out,IND Vs PAK
250,India Vs Pakistan,Pakistan,2,Babar Azam,lbw b Arshdeep Singh,0,1,0,0,0.00,out,IND Vs PAK
251,India Vs Pakistan,Pakistan,3,Shan Masood,,52,42,5,0,123.80,not_out,IND Vs PAK
252,India Vs Pakistan,Pakistan,4,Iftikhar Ahmed,lbw b Mohammed Shami,51,34,2,4,150.00,out,IND Vs PAK
253,India Vs Pakistan,Pakistan,5,Shadab Khan,c Yadav b Pandya,5,6,1,0,83.33,out,IND Vs PAK
254,India Vs Pakistan,Pakistan,6,Haider Ali,c Yadav b Pandya,2,4,0,0,50.00,out,IND Vs PAK
255,India Vs Pakistan,Pakistan,7,Mohammad Nawaz,c †Karthik b Pandya,9,6,2,0,150.00,out,IND Vs PAK
256,India Vs Pakistan,Pakistan,8,Asif Ali,c †Karthik b Arshdeep Singh,2,3,0,0,66.66,out,IND Vs PAK
257,India Vs Pakistan,Pakistan,9,Shaheen Shah Afridi,c & b Kumar,16,8,1,1,200.00,out,IND Vs PAK
258,India Vs Pakistan,Pakistan,10,Haris Rauf,,6,4,0,1,150.00,not_out,IND Vs PAK
259,India Vs Pakistan,India,1,KL Rahul, b Naseem Shah,4,8,0,0,50.00,out,IND Vs PAK
260,India Vs Pakistan,India,2,Rohit Sharma,c Iftikhar Ahmed b Haris Rauf,4,7,0,0,57.14,out,IND Vs PAK
261,India Vs Pakistan,India,3,Virat Kohli,,82,53,6,4,154.71,not_out,IND Vs PAK
262,India Vs Pakistan,India,4,Suryakumar Yadav,c †Mohammad Rizwan b Haris Rauf,15,10,2,0,150.00,out,IND Vs PAK
263,India Vs Pakistan,India,5,Axar Patel,run out (Babar Azam/†Mohammad Rizwan),2,3,0,0,66.66,out,IND Vs PAK
264,India Vs Pakistan,India,6,Hardik Pandya,c Babar Azam b Mohammad Nawaz,40,37,1,2,108.10,out,IND Vs PAK
265,India Vs Pakistan,India,7,Dinesh Karthik,st †Mohammad Rizwan b Mohammad Nawaz,1,2,0,0,50.00,out,IND Vs PAK
266,India Vs Pakistan,India,8,Ravichandran Ashwin,,1,1,0,0,100.00,not_out,IND Vs PAK
267,Bangladesh Vs Netherlands,Bangladesh,1,Najmul Hossain Shanto,c van Beek b Pringle,25,20,4,0,125.00,out,BAN Vs NED
268,Bangladesh Vs Netherlands,Bangladesh,2,Soumya Sarkar,c de Leede b van Meekeren,14,14,2,0,100.00,out,BAN Vs NED
269,Bangladesh Vs Netherlands,Bangladesh,3,Litton Das,c Cooper b van Beek,9,11,0,0,81.81,out,BAN Vs NED
270,Bangladesh Vs Netherlands,Bangladesh,4,Shakib Al Hasan,c de Leede b Shariz Ahmad,7,9,0,0,77.77,out,BAN Vs NED
271,Bangladesh Vs Netherlands,Bangladesh,5,Afif Hossain,c †Edwards b de Leede,38,27,2,2,140.74,out,BAN Vs NED
272,Bangladesh Vs Netherlands,Bangladesh,6,Yasir Ali, b van Meekeren,3,5,0,0,60.00,out,BAN Vs NED
273,Bangladesh Vs Netherlands,Bangladesh,7,Nurul Hasan,c van Meekeren b de Leede,13,18,0,0,72.22,out,BAN Vs NED
274,Bangladesh Vs Netherlands,Bangladesh,8,Mosaddek Hossain,,20,12,2,1,166.66,not_out,BAN Vs NED
275,Bangladesh Vs Netherlands,Bangladesh,9,Taskin Ahmed,c van Beek b Klaassen,0,1,0,0,0.00,out,BAN Vs NED
276,Bangladesh Vs Netherlands,Bangladesh,10,Hasan Mahmud,,0,3,0,0,0.00,not_out,BAN Vs NED
277,Bangladesh Vs Netherlands,Netherlands,1,Vikramjit Singh,c Yasir Ali b Taskin Ahmed,0,1,0,0,0.00,out,BAN Vs NED
278,Bangladesh Vs Netherlands,Netherlands,2,Max ODowd,run out (Afif Hossain/Shakib Al Hasan),8,8,0,1,100.00,out,BAN Vs NED
279,Bangladesh Vs Netherlands,Netherlands,3,Bas de Leede,c †Nurul Hasan b Taskin Ahmed,0,1,0,0,0.00,out,BAN Vs NED
280,Bangladesh Vs Netherlands,Netherlands,4,Colin Ackermann,c Mosaddek Hossain b Taskin Ahmed,62,48,6,2,129.16,out,BAN Vs NED
281,Bangladesh Vs Netherlands,Netherlands,5,Tom Cooper,run out (Najmul Hossain Shanto/†Nurul Hasan),0,0,0,0,-,out,BAN Vs NED
282,Bangladesh Vs Netherlands,Netherlands,6,Scott Edwards,c Hasan Mahmud b Shakib Al Hasan,16,24,1,0,66.66,out,BAN Vs NED
283,Bangladesh Vs Netherlands,Netherlands,7,Tim Pringle, b Hasan Mahmud,1,6,0,0,16.66,out,BAN Vs NED
284,Bangladesh Vs Netherlands,Netherlands,8,Logan van Beek,c Taskin Ahmed b Hasan Mahmud,2,5,0,0,40.00,out,BAN Vs NED
285,Bangladesh Vs Netherlands,Netherlands,9,Shariz Ahmad,c Hasan Mahmud b Taskin Ahmed,9,8,1,0,112.50,out,BAN Vs NED
286,Bangladesh Vs Netherlands,Netherlands,10,Fred Klaassen,,7,6,0,0,116.66,not_out,BAN Vs NED
287,Bangladesh Vs Netherlands,Netherlands,11,Paul van Meekeren,c Litton Das b Soumya Sarkar,24,14,3,1,171.42,out,BAN Vs NED
288,South africa Vs Zimbabwe,Zimbabwe,1,Regis Chakabva,c †de Kock b Ngidi,8,8,0,1,100.00,out,SA Vs ZIM
289,South africa Vs Zimbabwe,Zimbabwe,2,Craig Ervine,c Ngidi b Parnell,2,6,0,0,33.33,out,SA Vs ZIM
290,South africa Vs Zimbabwe,Zimbabwe,3,Sean Williams,run out (Miller),1,1,0,0,100.00,out,SA Vs ZIM
291,South africa Vs Zimbabwe,Zimbabwe,4,Sikandar Raza,c †de Kock b Ngidi,0,2,0,0,0.00,out,SA Vs ZIM
292,South africa Vs Zimbabwe,Zimbabwe,5,Wessly Madhevere,,35,18,4,1,194.44,not_out,SA Vs ZIM
293,South africa Vs Zimbabwe,Zimbabwe,6,Milton Shumba,c †de Kock b Nortje,18,20,2,0,90.00,out,SA Vs ZIM
294,South africa Vs Zimbabwe,South Africa,1,Quinton de Kock,,47,18,8,1,261.11,not_out,SA Vs ZIM
295,South africa Vs Zimbabwe,South Africa,2,Temba Bavuma,,2,2,0,0,100.00,not_out,SA Vs ZIM
296,Australia Vs Sri lanka,Sri Lanka,1,Pathum Nissanka,run out (Marsh/†Wade),40,45,2,0,88.88,out,AUS Vs SL
297,Australia Vs Sri lanka,Sri Lanka,2,Kusal Mendis,c Marsh b Cummins,5,6,1,0,83.33,out,AUS Vs SL
298,Australia Vs Sri lanka,Sri Lanka,3,Dhananjaya de Silva,c Warner b Agar,26,23,3,0,113.04,out,AUS Vs SL
299,Australia Vs Sri lanka,Sri Lanka,4,Charith Asalanka,,38,25,3,2,152.00,not_out,AUS Vs SL
300,Australia Vs Sri lanka,Sri Lanka,5,Bhanuka Rajapaksa,c Cummins b Starc,7,5,1,0,140.00,out,AUS Vs SL
301,Australia Vs Sri lanka,Sri Lanka,6,Dasun Shanaka,c †Wade b Maxwell,3,5,0,0,60.00,out,AUS Vs SL
302,Australia Vs Sri lanka,Sri Lanka,7,Wanindu Hasaranga de Silva,c †Wade b Hazlewood,1,4,0,0,25.00,out,AUS Vs SL
303,Australia Vs Sri lanka,Sri Lanka,8,Chamika Karunaratne,,14,7,2,0,200.00,not_out,AUS Vs SL
304,Australia Vs Sri lanka,Australia,1,David Warner,c Shanaka b Theekshana,11,10,0,0,110.00,out,AUS Vs SL
305,Australia Vs Sri lanka,Australia,2,Aaron Finch,,31,42,0,1,73.80,not_out,AUS Vs SL
306,Australia Vs Sri lanka,Australia,3,Mitchell Marsh,c Rajapaksa b DM de Silva,17,17,1,1,100.00,out,AUS Vs SL
307,Australia Vs Sri lanka,Australia,4,Glenn Maxwell,c sub (KNA Bandara) b Karunaratne,23,12,2,2,191.66,out,AUS Vs SL
308,Australia Vs Sri lanka,Australia,5,Marcus Stoinis,,59,18,4,6,327.77,not_out,AUS Vs SL
309,England Vs Ireland,Ireland,1,Paul Stirling,c Curran b Wood,14,8,1,1,175.00,out,ENG Vs IRE
310,England Vs Ireland,Ireland,2,Andy Balbirnie,c Hales b Livingstone,62,47,5,2,131.91,out,ENG Vs IRE
311,England Vs Ireland,Ireland,3,Lorcan Tucker,run out (Rashid),34,27,3,1,125.92,out,ENG Vs IRE
312,England Vs Ireland,Ireland,4,Harry Tector,c †Buttler b Wood,0,2,0,0,0.00,out,ENG Vs IRE
313,England Vs Ireland,Ireland,5,Curtis Campher,c †Buttler b Wood,18,11,3,0,163.63,out,ENG Vs IRE
314,England Vs Ireland,Ireland,6,George Dockrell, b Livingstone,0,1,0,0,0.00,out,ENG Vs IRE
315,England Vs Ireland,Ireland,7,Gareth Delany,,12,10,1,0,120.00,not_out,ENG Vs IRE
316,England Vs Ireland,Ireland,8,Mark Adair,c Curran b Livingstone,4,4,0,0,100.00,out,ENG Vs IRE
317,England Vs Ireland,Ireland,9,Barry McCarthy, b Curran,3,3,0,0,100.00,out,ENG Vs IRE
318,England Vs Ireland,Ireland,10,Fionn Hand, b Curran,1,2,0,0,50.00,out,ENG Vs IRE
319,England Vs Ireland,Ireland,11,Josh Little,c †Buttler b Stokes,0,1,0,0,0.00,out,ENG Vs IRE
320,England Vs Ireland,England,1,Jos Buttler,c †Tucker b Little,0,2,0,0,0.00,out,ENG Vs IRE
321,England Vs Ireland,England,2,Alex Hales,c Adair b Little,7,5,1,0,140.00,out,ENG Vs IRE
322,England Vs Ireland,England,3,Dawid Malan,c Hand b McCarthy,35,37,2,0,94.59,out,ENG Vs IRE
323,England Vs Ireland,England,4,Ben Stokes, b Hand,6,8,0,0,75.00,out,ENG Vs IRE
324,England Vs Ireland,England,5,Harry Brook,c Delany b Dockrell,18,21,1,0,85.71,out,ENG Vs IRE
325,England Vs Ireland,England,6,Moeen Ali,,24,12,3,1,200.00,not_out,ENG Vs IRE
326,England Vs Ireland,England,7,Liam Livingstone,,1,2,0,0,50.00,not_out,ENG Vs IRE
327,Bangladesh Vs South africa,South Africa,1,Temba Bavuma,c †Nurul Hasan b Taskin Ahmed,2,6,0,0,33.33,out,BAN Vs SA
328,Bangladesh Vs South africa,South Africa,2,Quinton de Kock,c Soumya Sarkar b Afif Hossain,63,38,7,3,165.78,out,BAN Vs SA
329,Bangladesh Vs South africa,South Africa,3,Rilee Rossouw,c Litton Das b Shakib Al Hasan,109,56,7,8,194.64,out,BAN Vs SA
330,Bangladesh Vs South africa,South Africa,4,Tristan Stubbs,c Litton Das b Shakib Al Hasan,7,7,1,0,100.00,out,BAN Vs SA
331,Bangladesh Vs South africa,South Africa,5,Aiden Markram,c Soumya Sarkar b Hasan Mahmud,10,11,1,0,90.90,out,BAN Vs SA
332,Bangladesh Vs South africa,South Africa,6,David Miller,,2,4,0,0,50.00,not_out,BAN Vs SA
333,Bangladesh Vs South africa,South Africa,7,Wayne Parnell,,0,2,0,0,0.00,not_out,BAN Vs SA
334,Bangladesh Vs South africa,Bangladesh,1,Najmul Hossain Shanto, b Nortje,9,9,1,0,100.00,out,BAN Vs SA
335,Bangladesh Vs South africa,Bangladesh,2,Soumya Sarkar,c †de Kock b Nortje,15,6,0,2,250.00,out,BAN Vs SA
336,Bangladesh Vs South africa,Bangladesh,3,Litton Das,c Stubbs b Shamsi,34,31,1,1,109.67,out,BAN Vs SA
337,Bangladesh Vs South africa,Bangladesh,4,Shakib Al Hasan,lbw b Nortje,1,4,0,0,25.00,out,BAN Vs SA
338,Bangladesh Vs South africa,Bangladesh,5,Afif Hossain,c Parnell b Rabada,1,5,0,0,20.00,out,BAN Vs SA
339,Bangladesh Vs South africa,Bangladesh,6,Mehidy Hasan Miraz,c Markram b Shamsi,11,13,0,0,84.61,out,BAN Vs SA
340,Bangladesh Vs South africa,Bangladesh,7,Mosaddek Hossain,st †de Kock b Maharaj,0,3,0,0,0.00,out,BAN Vs SA
341,Bangladesh Vs South africa,Bangladesh,8,Nurul Hasan,c Nortje b Shamsi,2,6,0,0,33.33,out,BAN Vs SA
342,Bangladesh Vs South africa,Bangladesh,9,Taskin Ahmed, b Nortje,10,17,1,0,58.82,out,BAN Vs SA
343,Bangladesh Vs South africa,Bangladesh,10,Hasan Mahmud,run out (Rabada),0,2,0,0,0.00,out,BAN Vs SA
344,Bangladesh Vs South africa,Bangladesh,11,Mustafizur Rahman,,9,3,0,1,300.00,not_out,BAN Vs SA
345,India Vs Netherlands,India,1,KL Rahul,lbw b van Meekeren,9,12,1,0,75.00,out,IND Vs NED
346,India Vs Netherlands,India,2,Rohit Sharma,c Ackermann b Klaassen,53,39,4,3,135.89,out,IND Vs NED
347,India Vs Netherlands,India,3,Virat Kohli,,62,44,3,2,140.90,not_out,IND Vs NED
348,India Vs Netherlands,India,4,Suryakumar Yadav,,51,25,7,1,204.00,not_out,IND Vs NED
349,India Vs Netherlands,Netherlands,1,Vikramjit Singh, b Kumar,1,9,0,0,11.11,out,IND Vs NED
350,India Vs Netherlands,Netherlands,2,Max ODowd, b Patel,16,10,3,0,160.00,out,IND Vs NED
351,India Vs Netherlands,Netherlands,3,Bas de Leede,c Pandya b Patel,16,23,0,0,69.56,out,IND Vs NED
352,India Vs Netherlands,Netherlands,4,Colin Ackermann,c Patel b Ashwin,17,21,1,0,80.95,out,IND Vs NED
353,India Vs Netherlands,Netherlands,5,Tom Cooper,c sub (DJ Hooda) b Ashwin,9,12,0,0,75.00,out,IND Vs NED
354,India Vs Netherlands,Netherlands,6,Scott Edwards,c sub (DJ Hooda) b Kumar,5,8,0,0,62.50,out,IND Vs NED
355,India Vs Netherlands,Netherlands,7,Tim Pringle,c Kohli b Mohammed Shami,20,15,1,1,133.33,out,IND Vs NED
356,India Vs Netherlands,Netherlands,8,Logan van Beek,c †Karthik b Arshdeep Singh,3,5,0,0,60.00,out,IND Vs NED
357,India Vs Netherlands,Netherlands,9,Shariz Ahmad,,16,11,2,0,145.45,not_out,IND Vs NED
358,India Vs Netherlands,Netherlands,10,Fred Klaassen,lbw b Arshdeep Singh,0,1,0,0,0.00,out,IND Vs NED
359,India Vs Netherlands,Netherlands,11,Paul van Meekeren,,14,6,3,0,233.33,not_out,IND Vs NED
360,Pakistan Vs Zimbabwe,Zimbabwe,1,Wessly Madhevere,lbw b Mohammad Wasim,17,13,3,0,130.76,out,PAK Vs ZIM
361,Pakistan Vs Zimbabwe,Zimbabwe,2,Craig Ervine,c Mohammad Wasim b Haris Rauf,19,19,2,0,100.00,out,PAK Vs ZIM
362,Pakistan Vs Zimbabwe,Zimbabwe,3,Milton Shumba,c & b Shadab Khan,8,10,1,0,80.00,out,PAK Vs ZIM
363,Pakistan Vs Zimbabwe,Zimbabwe,4,Sean Williams, b Shadab Khan,31,28,3,0,110.71,out,PAK Vs ZIM
364,Pakistan Vs Zimbabwe,Zimbabwe,5,Sikandar Raza,c Haris Rauf b Mohammad Wasim,9,16,1,0,56.25,out,PAK Vs ZIM
365,Pakistan Vs Zimbabwe,Zimbabwe,6,Regis Chakabva,c Babar Azam b Shadab Khan,0,1,0,0,0.00,out,PAK Vs ZIM
366,Pakistan Vs Zimbabwe,Zimbabwe,7,Ryan Burl,,10,15,0,0,66.66,not_out,PAK Vs ZIM
367,Pakistan Vs Zimbabwe,Zimbabwe,8,Luke Jongwe, b Mohammad Wasim,0,1,0,0,0.00,out,PAK Vs ZIM
368,Pakistan Vs Zimbabwe,Zimbabwe,9,Brad Evans, b Mohammad Wasim,19,15,0,1,126.66,out,PAK Vs ZIM
369,Pakistan Vs Zimbabwe,Zimbabwe,10,Richard Ngarava,,3,2,0,0,150.00,not_out,PAK Vs ZIM
370,Pakistan Vs Zimbabwe,Pakistan,1,Mohammad Rizwan, b Muzarabani,14,16,1,1,87.50,out,PAK Vs ZIM
371,Pakistan Vs Zimbabwe,Pakistan,2,Babar Azam,c Burl b Evans,4,9,1,0,44.44,out,PAK Vs ZIM
372,Pakistan Vs Zimbabwe,Pakistan,3,Shan Masood,st †Chakabva b Sikandar Raza,44,38,3,0,115.78,out,PAK Vs ZIM
373,Pakistan Vs Zimbabwe,Pakistan,4,Iftikhar Ahmed,c †Chakabva b Jongwe,5,10,1,0,50.00,out,PAK Vs ZIM
374,Pakistan Vs Zimbabwe,Pakistan,5,Shadab Khan,c Williams b Sikandar Raza,17,14,0,1,121.42,out,PAK Vs ZIM
375,Pakistan Vs Zimbabwe,Pakistan,6,Haider Ali,lbw b Sikandar Raza,0,1,0,0,0.00,out,PAK Vs ZIM
376,Pakistan Vs Zimbabwe,Pakistan,7,Mohammad Nawaz,c Ervine b Evans,22,18,1,1,122.22,out,PAK Vs ZIM
377,Pakistan Vs Zimbabwe,Pakistan,8,Mohammad Wasim,,12,13,2,0,92.30,not_out,PAK Vs ZIM
378,Pakistan Vs Zimbabwe,Pakistan,9,Shaheen Shah Afridi,run out (Sikandar Raza/†Chakabva),1,1,0,0,100.00,out,PAK Vs ZIM
379,New zealand Vs Sri lanka,New Zealand,1,Finn Allen, b Theekshana,1,3,0,0,33.33,out,NZ Vs SL
380,New zealand Vs Sri lanka,New Zealand,2,Devon Conway, b DM de Silva,1,4,0,0,25.00,out,NZ Vs SL
381,New zealand Vs Sri lanka,New Zealand,3,Kane Williamson,c †Mendis b Rajitha,8,13,1,0,61.53,out,NZ Vs SL
382,New zealand Vs Sri lanka,New Zealand,4,Glenn Phillips,c Shanaka b Kumara,104,64,10,4,162.50,out,NZ Vs SL
383,New zealand Vs Sri lanka,New Zealand,5,Daryl Mitchell, b PWH de Silva,22,24,0,0,91.66,out,NZ Vs SL
384,New zealand Vs Sri lanka,New Zealand,6,James Neesham,c Shanaka b Rajitha,5,8,0,0,62.50,out,NZ Vs SL
385,New zealand Vs Sri lanka,New Zealand,7,Mitchell Santner,,11,5,0,1,220.00,not_out,NZ Vs SL
386,New zealand Vs Sri lanka,New Zealand,8,Ish Sodhi,run out (sub [KNA Bandara]/†Mendis),1,1,0,0,100.00,out,NZ Vs SL
387,New zealand Vs Sri lanka,New Zealand,9,Tim Southee,,4,1,1,0,400.00,not_out,NZ Vs SL
388,New zealand Vs Sri lanka,Sri Lanka,1,Pathum Nissanka,lbw b Southee,0,5,0,0,0.00,out,NZ Vs SL
389,New zealand Vs Sri lanka,Sri Lanka,2,Kusal Mendis,c †Conway b Boult,4,3,1,0,133.33,out,NZ Vs SL
390,New zealand Vs Sri lanka,Sri Lanka,3,Dhananjaya de Silva, b Boult,0,3,0,0,0.00,out,NZ Vs SL
391,New zealand Vs Sri lanka,Sri Lanka,4,Charith Asalanka,c Allen b Boult,4,8,0,0,50.00,out,NZ Vs SL
392,New zealand Vs Sri lanka,Sri Lanka,5,Bhanuka Rajapaksa,c Williamson b Ferguson,34,22,3,2,154.54,out,NZ Vs SL
393,New zealand Vs Sri lanka,Sri Lanka,6,Chamika Karunaratne,c Boult b Santner,3,8,0,0,37.50,out,NZ Vs SL
394,New zealand Vs Sri lanka,Sri Lanka,7,Dasun Shanaka,c Mitchell b Boult,35,32,4,1,109.37,out,NZ Vs SL
395,New zealand Vs Sri lanka,Sri Lanka,8,Wanindu Hasaranga de Silva,c Williamson b Sodhi,4,6,1,0,66.66,out,NZ Vs SL
396,New zealand Vs Sri lanka,Sri Lanka,9,Maheesh Theekshana,c Neesham b Santner,0,3,0,0,0.00,out,NZ Vs SL
397,New zealand Vs Sri lanka,Sri Lanka,10,Kasun Rajitha,,8,21,0,0,38.09,not_out,NZ Vs SL
398,New zealand Vs Sri lanka,Sri Lanka,11,Lahiru Kumara,st †Conway b Sodhi,4,5,1,0,80.00,out,NZ Vs SL
399,Bangladesh Vs Zimbabwe,Bangladesh,1,Najmul Hossain Shanto,c Ervine b Sikandar Raza,71,55,7,1,129.09,out,BAN Vs ZIM
400,Bangladesh Vs Zimbabwe,Bangladesh,2,Soumya Sarkar,c †Chakabva b Muzarabani,0,2,0,0,0.00,out,BAN Vs ZIM
401,Bangladesh Vs Zimbabwe,Bangladesh,3,Litton Das,c Chatara b Muzarabani,14,12,3,0,116.66,out,BAN Vs ZIM
402,Bangladesh Vs Zimbabwe,Bangladesh,4,Shakib Al Hasan,c Muzarabani b Williams,23,20,1,0,115.00,out,BAN Vs ZIM
403,Bangladesh Vs Zimbabwe,Bangladesh,5,Afif Hossain,lbw b Ngarava,29,19,1,1,152.63,out,BAN Vs ZIM
404,Bangladesh Vs Zimbabwe,Bangladesh,6,Mosaddek Hossain,c Chatara b Ngarava,7,10,0,0,70.00,out,BAN Vs ZIM
405,Bangladesh Vs Zimbabwe,Bangladesh,7,Nurul Hasan,run out (Williams/†Chakabva),1,1,0,0,100.00,out,BAN Vs ZIM
406,Bangladesh Vs Zimbabwe,Bangladesh,8,Yasir Ali,,1,1,0,0,100.00,not_out,BAN Vs ZIM
407,Bangladesh Vs Zimbabwe,Zimbabwe,1,Wessly Madhevere,c Mustafizur Rahman b Taskin Ahmed,4,3,1,0,133.33,out,BAN Vs ZIM
408,Bangladesh Vs Zimbabwe,Zimbabwe,2,Craig Ervine,c †Nurul Hasan b Taskin Ahmed,8,7,2,0,114.28,out,BAN Vs ZIM
409,Bangladesh Vs Zimbabwe,Zimbabwe,3,Milton Shumba,c Shakib Al Hasan b Mustafizur Rahman,8,15,1,0,53.33,out,BAN Vs ZIM
410,Bangladesh Vs Zimbabwe,Zimbabwe,4,Sean Williams,run out (Shakib Al Hasan),64,42,8,0,152.38,out,BAN Vs ZIM
411,Bangladesh Vs Zimbabwe,Zimbabwe,5,Sikandar Raza,c Afif Hossain b Mustafizur Rahman,0,3,0,0,0.00,out,BAN Vs ZIM
412,Bangladesh Vs Zimbabwe,Zimbabwe,6,Regis Chakabva,c †Nurul Hasan b Taskin Ahmed,15,19,0,0,78.94,out,BAN Vs ZIM
413,Bangladesh Vs Zimbabwe,Zimbabwe,7,Ryan Burl,,27,25,2,1,108.00,not_out,BAN Vs ZIM
414,Bangladesh Vs Zimbabwe,Zimbabwe,8,Brad Evans,c Afif Hossain b Mosaddek Hossain,2,2,0,0,100.00,out,BAN Vs ZIM
415,Bangladesh Vs Zimbabwe,Zimbabwe,9,Richard Ngarava,st †Nurul Hasan b Mosaddek Hossain,6,3,0,1,200.00,out,BAN Vs ZIM
416,Bangladesh Vs Zimbabwe,Zimbabwe,10,Blessing Muzarabani,,0,2,0,0,0.00,not_out,BAN Vs ZIM
417,Netherlands Vs Pakistan,Netherlands,1,Stephan Myburgh,c Mohammad Wasim b Shaheen Shah Afridi,6,11,1,0,54.54,out,NED Vs PAK
418,Netherlands Vs Pakistan,Netherlands,2,Max ODowd,lbw b Shadab Khan,8,13,0,0,61.53,out,NED Vs PAK
419,Netherlands Vs Pakistan,Netherlands,3,Bas de Leede,,6,16,1,0,37.50,not_out,NED Vs PAK
420,Netherlands Vs Pakistan,Netherlands,4,Tom Cooper,c Mohammad Wasim b Shadab Khan,1,2,0,0,50.00,out,NED Vs PAK
421,Netherlands Vs Pakistan,Netherlands,5,Colin Ackermann,lbw b Shadab Khan,27,27,2,0,100.00,out,NED Vs PAK
422,Netherlands Vs Pakistan,Netherlands,6,Scott Edwards,c Iftikhar Ahmed b Naseem Shah,15,20,1,0,75.00,out,NED Vs PAK
423,Netherlands Vs Pakistan,Netherlands,7,Roelof van der Merwe, b Haris Rauf,5,6,0,0,83.33,out,NED Vs PAK
424,Netherlands Vs Pakistan,Netherlands,8,Tim Pringle, b Mohammad Wasim,5,8,0,0,62.50,out,NED Vs PAK
425,Netherlands Vs Pakistan,Netherlands,9,Logan van Beek,,6,9,0,0,66.66,not_out,NED Vs PAK
426,Netherlands Vs Pakistan,Netherlands,10,Fred Klaassen, b Mohammad Wasim,0,1,0,0,0.00,out,NED Vs PAK
427,Netherlands Vs Pakistan,Netherlands,11,Paul van Meekeren,run out (Shadab Khan/†Mohammad Rizwan),7,7,0,0,100.00,out,NED Vs PAK
428,Netherlands Vs Pakistan,Pakistan,1,Mohammad Rizwan,c †Edwards b van Meekeren,49,39,5,0,125.64,out,NED Vs PAK
429,Netherlands Vs Pakistan,Pakistan,2,Babar Azam,run out (van der Merwe),4,5,1,0,80.00,out,NED Vs PAK
430,Netherlands Vs Pakistan,Pakistan,3,Fakhar Zaman,c †Edwards b Glover,20,16,3,0,125.00,out,NED Vs PAK
431,Netherlands Vs Pakistan,Pakistan,4,Shan Masood,c van Meekeren b Glover,12,16,0,0,75.00,out,NED Vs PAK
432,Netherlands Vs Pakistan,Pakistan,5,Iftikhar Ahmed,,6,5,0,0,120.00,not_out,NED Vs PAK
433,Netherlands Vs Pakistan,Pakistan,6,Shadab Khan,,4,2,1,0,200.00,not_out,NED Vs PAK
434,India Vs South africa,India,1,KL Rahul,c Markram b Ngidi,9,14,0,1,64.28,out,IND Vs SA
435,India Vs South africa,India,2,Rohit Sharma,c & b Ngidi,15,14,1,1,107.14,out,IND Vs SA
436,India Vs South africa,India,3,Virat Kohli,c Rabada b Ngidi,12,11,2,0,109.09,out,IND Vs SA
437,India Vs South africa,India,4,Suryakumar Yadav,c Maharaj b Parnell,68,40,6,3,170.00,out,IND Vs SA
438,India Vs South africa,India,5,Deepak Hooda,c †de Kock b Nortje,0,3,0,0,0.00,out,IND Vs SA
439,India Vs South africa,India,6,Hardik Pandya,c Rabada b Ngidi,2,3,0,0,66.66,out,IND Vs SA
440,India Vs South africa,India,7,Dinesh Karthik,c Rossouw b Parnell,6,15,0,0,40.00,out,IND Vs SA
441,India Vs South africa,India,8,Ravichandran Ashwin,c Rabada b Parnell,7,11,0,0,63.63,out,IND Vs SA
442,India Vs South africa,India,9,Bhuvneshwar Kumar,,4,6,0,0,66.66,not_out,IND Vs SA
443,India Vs South africa,India,10,Mohammed Shami,run out (Nortje),0,2,0,0,0.00,out,IND Vs SA
444,India Vs South africa,India,11,Arshdeep Singh,,2,1,0,0,200.00,not_out,IND Vs SA
445,India Vs South africa,South Africa,1,Quinton de Kock,c Rahul b Arshdeep Singh,1,3,0,0,33.33,out,IND Vs SA
446,India Vs South africa,South Africa,2,Temba Bavuma,c †Karthik b Mohammed Shami,10,15,0,1,66.66,out,IND Vs SA
447,India Vs South africa,South Africa,3,Rilee Rossouw,lbw b Arshdeep Singh,0,2,0,0,0.00,out,IND Vs SA
448,India Vs South africa,South Africa,4,Aiden Markram,c Yadav b Pandya,52,41,6,1,126.82,out,IND Vs SA
449,India Vs South africa,South Africa,5,David Miller,,59,46,4,3,128.26,not_out,IND Vs SA
450,India Vs South africa,South Africa,6,Tristan Stubbs,lbw b Ashwin,6,6,1,0,100.00,out,IND Vs SA
451,India Vs South africa,South Africa,7,Wayne Parnell,,2,5,0,0,40.00,not_out,IND Vs SA
452,Australia Vs Ireland,Australia,1,David Warner,c Adair b McCarthy,3,7,0,0,42.85,out,AUS Vs IRE
453,Australia Vs Ireland,Australia,2,Aaron Finch,c Adair b McCarthy,63,44,5,3,143.18,out,AUS Vs IRE
454,Australia Vs Ireland,Australia,3,Mitchell Marsh,c †Tucker b McCarthy,28,22,2,2,127.27,out,AUS Vs IRE
455,Australia Vs Ireland,Australia,4,Glenn Maxwell,c †Tucker b Little,13,9,0,1,144.44,out,AUS Vs IRE
456,Australia Vs Ireland,Australia,5,Marcus Stoinis,c Dockrell b Little,35,25,3,1,140.00,out,AUS Vs IRE
457,Australia Vs Ireland,Australia,6,Tim David,,15,10,2,0,150.00,not_out,AUS Vs IRE
458,Australia Vs Ireland,Australia,7,Matthew Wade,,7,3,1,0,233.33,not_out,AUS Vs IRE
459,Australia Vs Ireland,Ireland,1,Paul Stirling,c Cummins b Maxwell,11,7,1,1,157.14,out,AUS Vs IRE
460,Australia Vs Ireland,Ireland,2,Andy Balbirnie, b Cummins,6,7,0,1,85.71,out,AUS Vs IRE
461,Australia Vs Ireland,Ireland,3,Lorcan Tucker,,71,48,9,1,147.91,not_out,AUS Vs IRE
462,Australia Vs Ireland,Ireland,4,Harry Tector,c sub (SPD Smith) b Maxwell,6,4,1,0,150.00,out,AUS Vs IRE
463,Australia Vs Ireland,Ireland,5,Curtis Campher, b Starc,0,1,0,0,0.00,out,AUS Vs IRE
464,Australia Vs Ireland,Ireland,6,George Dockrell, b Starc,0,4,0,0,0.00,out,AUS Vs IRE
465,Australia Vs Ireland,Ireland,7,Gareth Delany,c Maxwell b Stoinis,14,10,2,0,140.00,out,AUS Vs IRE
466,Australia Vs Ireland,Ireland,8,Mark Adair,st †Wade b Zampa,11,11,1,0,100.00,out,AUS Vs IRE
467,Australia Vs Ireland,Ireland,9,Fionn Hand, b Zampa,6,6,1,0,100.00,out,AUS Vs IRE
468,Australia Vs Ireland,Ireland,10,Barry McCarthy,c sub (SPD Smith) b Cummins,3,7,0,0,42.85,out,AUS Vs IRE
469,Australia Vs Ireland,Ireland,11,Josh Little,run out (Marsh/Maxwell),1,5,0,0,20.00,out,AUS Vs IRE
470,Afghanistan Vs Sri lanka,Afghanistan,1,Rahmanullah Gurbaz, b Kumara,28,24,2,2,116.66,out,AFG Vs SL
471,Afghanistan Vs Sri lanka,Afghanistan,2,Usman Ghani,c Shanaka b PWH de Silva,27,27,2,1,100.00,out,AFG Vs SL
472,Afghanistan Vs Sri lanka,Afghanistan,3,Ibrahim Zadran,c Rajapaksa b Kumara,22,18,1,1,122.22,out,AFG Vs SL
473,Afghanistan Vs Sri lanka,Afghanistan,4,Najibullah Zadran,c PWH de Silva b DM de Silva,18,16,1,0,112.50,out,AFG Vs SL
474,Afghanistan Vs Sri lanka,Afghanistan,5,Gulbadin Naib,run out (Nissanka/†Mendis),12,14,0,0,85.71,out,AFG Vs SL
475,Afghanistan Vs Sri lanka,Afghanistan,6,Mohammad Nabi,c Shanaka b Rajitha,13,8,1,0,162.50,out,AFG Vs SL
476,Afghanistan Vs Sri lanka,Afghanistan,7,Rashid Khan, b PWH de Silva,9,8,1,0,112.50,out,AFG Vs SL
477,Afghanistan Vs Sri lanka,Afghanistan,8,Azmatullah Omarzai,,3,4,0,0,75.00,not_out,AFG Vs SL
478,Afghanistan Vs Sri lanka,Afghanistan,9,Mujeeb Ur Rahman,st †Mendis b PWH de Silva,1,2,0,0,50.00,out,AFG Vs SL
479,Afghanistan Vs Sri lanka,Sri Lanka,1,Pathum Nissanka, b Mujeeb Ur Rahman,10,10,2,0,100.00,out,AFG Vs SL
480,Afghanistan Vs Sri lanka,Sri Lanka,2,Kusal Mendis,c †Rahmanullah Gurbaz b Rashid Khan,25,27,2,1,92.59,out,AFG Vs SL
481,Afghanistan Vs Sri lanka,Sri Lanka,3,Dhananjaya de Silva,,66,42,6,2,157.14,not_out,AFG Vs SL
482,Afghanistan Vs Sri lanka,Sri Lanka,4,Charith Asalanka,c Azmatullah Omarzai b Rashid Khan,19,18,1,0,105.55,out,AFG Vs SL
483,Afghanistan Vs Sri lanka,Sri Lanka,5,Bhanuka Rajapaksa,c †Rahmanullah Gurbaz b Mujeeb Ur Rahman,18,14,3,0,128.57,out,AFG Vs SL
484,Afghanistan Vs Sri lanka,Sri Lanka,6,Dasun Shanaka,,0,0,0,0,-,not_out,AFG Vs SL
485,England Vs New zealand,England,1,Jos Buttler,run out (Williamson/Southee),73,47,7,2,155.31,out,ENG Vs NZ
486,England Vs New zealand,England,2,Alex Hales,st †Conway b Santner,52,40,7,1,130.00,out,ENG Vs NZ
487,England Vs New zealand,England,3,Moeen Ali,c Boult b Sodhi,5,6,0,0,83.33,out,ENG Vs NZ
488,England Vs New zealand,England,4,Liam Livingstone, b Ferguson,20,14,1,1,142.85,out,ENG Vs NZ
489,England Vs New zealand,England,5,Harry Brook,c Allen b Southee,7,3,0,1,233.33,out,ENG Vs NZ
490,England Vs New zealand,England,6,Ben Stokes,lbw b Ferguson,8,7,0,0,114.28,out,ENG Vs NZ
491,England Vs New zealand,England,7,Sam Curran,,6,3,0,1,200.00,not_out,ENG Vs NZ
492,England Vs New zealand,England,8,Dawid Malan,,3,1,0,0,300.00,not_out,ENG Vs NZ
493,England Vs New zealand,New Zealand,1,Finn Allen,c Stokes b Curran,16,11,0,1,145.45,out,ENG Vs NZ
494,England Vs New zealand,New Zealand,2,Devon Conway,c †Buttler b Woakes,3,9,0,0,33.33,out,ENG Vs NZ
495,England Vs New zealand,New Zealand,3,Kane Williamson,c Rashid b Stokes,40,40,3,0,100.00,out,ENG Vs NZ
496,England Vs New zealand,New Zealand,4,Glenn Phillips,c sub (CJ Jordan) b Curran,62,36,4,3,172.22,out,ENG Vs NZ
497,England Vs New zealand,New Zealand,5,James Neesham,c Curran b Wood,6,3,1,0,200.00,out,ENG Vs NZ
498,England Vs New zealand,New Zealand,6,Daryl Mitchell,c sub (CJ Jordan) b Woakes,3,5,0,0,60.00,out,ENG Vs NZ
499,England Vs New zealand,New Zealand,7,Mitchell Santner,,16,10,0,1,160.00,not_out,ENG Vs NZ
500,England Vs New zealand,New Zealand,8,Ish Sodhi,,6,6,0,0,100.00,not_out,ENG Vs NZ
501,Netherlands Vs Zimbabwe,Zimbabwe,1,Wessly Madhevere, b van Meekeren,1,5,0,0,20.00,out,NED Vs ZIM
502,Netherlands Vs Zimbabwe,Zimbabwe,2,Craig Ervine,c †Edwards b Glover,3,12,0,0,25.00,out,NED Vs ZIM
503,Netherlands Vs Zimbabwe,Zimbabwe,3,Regis Chakabva,lbw b Glover,5,16,1,0,31.25,out,NED Vs ZIM
504,Netherlands Vs Zimbabwe,Zimbabwe,4,Sean Williams,c O'Dowd b van Meekeren,28,23,3,0,121.73,out,NED Vs ZIM
505,Netherlands Vs Zimbabwe,Zimbabwe,5,Sikandar Raza,c Klaassen b de Leede,40,24,3,3,166.66,out,NED Vs ZIM
506,Netherlands Vs Zimbabwe,Zimbabwe,6,Milton Shumba,c Myburgh b van Beek,2,3,0,0,66.66,out,NED Vs ZIM
507,Netherlands Vs Zimbabwe,Zimbabwe,7,Ryan Burl, b van Meekeren,2,7,0,0,28.57,out,NED Vs ZIM
508,Netherlands Vs Zimbabwe,Zimbabwe,8,Luke Jongwe,c van Beek b de Leede,6,8,0,0,75.00,out,NED Vs ZIM
509,Netherlands Vs Zimbabwe,Zimbabwe,9,Richard Ngarava,c Myburgh b Klaassen,9,7,0,1,128.57,out,NED Vs ZIM
510,Netherlands Vs Zimbabwe,Zimbabwe,10,Tendai Chatara,,6,7,0,0,85.71,not_out,NED Vs ZIM
511,Netherlands Vs Zimbabwe,Zimbabwe,11,Blessing Muzarabani,c Glover b van Beek,1,4,0,0,25.00,out,NED Vs ZIM
512,Netherlands Vs Zimbabwe,Netherlands,1,Stephan Myburgh,c Burl b Muzarabani,8,7,0,1,114.28,out,NED Vs ZIM
513,Netherlands Vs Zimbabwe,Netherlands,2,Max ODowd,c Shumba b Muzarabani,52,47,8,1,110.63,out,NED Vs ZIM
514,Netherlands Vs Zimbabwe,Netherlands,3,Tom Cooper,c Madhevere b Jongwe,32,29,2,1,110.34,out,NED Vs ZIM
515,Netherlands Vs Zimbabwe,Netherlands,4,Colin Ackermann,c Jongwe b Ngarava,1,5,0,0,20.00,out,NED Vs ZIM
516,Netherlands Vs Zimbabwe,Netherlands,5,Bas de Leede,,12,12,2,0,100.00,not_out,NED Vs ZIM
517,Netherlands Vs Zimbabwe,Netherlands,6,Scott Edwards,c †Chakabva b Ngarava,5,6,1,0,83.33,out,NED Vs ZIM
518,Netherlands Vs Zimbabwe,Netherlands,7,Roelof van der Merwe,,0,3,0,0,0.00,not_out,NED Vs ZIM
519,Bangladesh Vs India,India,1,KL Rahul,c Mustafizur Rahman b Shakib Al Hasan,50,32,3,4,156.25,out,BAN Vs IND
520,Bangladesh Vs India,India,2,Rohit Sharma,c Yasir Ali b Hasan Mahmud,2,8,0,0,25.00,out,BAN Vs IND
521,Bangladesh Vs India,India,3,Virat Kohli,,64,44,8,1,145.45,not_out,BAN Vs IND
522,Bangladesh Vs India,India,4,Suryakumar Yadav, b Shakib Al Hasan,30,16,4,0,187.50,out,BAN Vs IND
523,Bangladesh Vs India,India,5,Hardik Pandya,c Yasir Ali b Hasan Mahmud,5,6,0,0,83.33,out,BAN Vs IND
524,Bangladesh Vs India,India,6,Dinesh Karthik,run out (Shakib Al Hasan/Shoriful Islam),7,5,1,0,140.00,out,BAN Vs IND
525,Bangladesh Vs India,India,7,Axar Patel,c Shakib Al Hasan b Hasan Mahmud,7,6,1,0,116.66,out,BAN Vs IND
526,Bangladesh Vs India,India,8,Ravichandran Ashwin,,13,6,1,1,216.66,not_out,BAN Vs IND
527,Bangladesh Vs India,Bangladesh,1,Najmul Hossain Shanto,c Yadav b Mohammed Shami,21,25,1,1,84.00,out,BAN Vs IND
528,Bangladesh Vs India,Bangladesh,2,Litton Das,run out (Rahul),60,27,7,3,222.22,out,BAN Vs IND
529,Bangladesh Vs India,Bangladesh,3,Shakib Al Hasan,c sub (DJ Hooda) b Arshdeep Singh,13,12,2,0,108.33,out,BAN Vs IND
530,Bangladesh Vs India,Bangladesh,4,Afif Hossain,c Yadav b Arshdeep Singh,3,5,0,0,60.00,out,BAN Vs IND
531,Bangladesh Vs India,Bangladesh,5,Yasir Ali,c Arshdeep Singh b Pandya,1,3,0,0,33.33,out,BAN Vs IND
532,Bangladesh Vs India,Bangladesh,6,Nurul Hasan,,25,14,2,1,178.57,not_out,BAN Vs IND
533,Bangladesh Vs India,Bangladesh,7,Mosaddek Hossain, b Pandya,6,3,0,1,200.00,out,BAN Vs IND
534,Bangladesh Vs India,Bangladesh,8,Taskin Ahmed,,12,7,1,1,171.42,not_out,BAN Vs IND
535,Pakistan Vs South africa,Pakistan,1,Mohammad Rizwan, b Parnell,4,4,1,0,100.00,out,PAK Vs SA
536,Pakistan Vs South africa,Pakistan,2,Babar Azam,c Rabada b Ngidi,6,15,0,0,40.00,out,PAK Vs SA
537,Pakistan Vs South africa,Pakistan,3,Mohammad Haris,lbw b Nortje,28,11,2,3,254.54,out,PAK Vs SA
538,Pakistan Vs South africa,Pakistan,4,Shan Masood,c Bavuma b Nortje,2,6,0,0,33.33,out,PAK Vs SA
539,Pakistan Vs South africa,Pakistan,5,Iftikhar Ahmed,c Rossouw b Rabada,51,35,3,2,145.71,out,PAK Vs SA
540,Pakistan Vs South africa,Pakistan,6,Mohammad Nawaz,lbw b Shamsi,28,22,4,1,127.27,out,PAK Vs SA
541,Pakistan Vs South africa,Pakistan,7,Shadab Khan,c Stubbs b Nortje,52,22,3,4,236.36,out,PAK Vs SA
542,Pakistan Vs South africa,Pakistan,8,Mohammad Wasim,c Bavuma b Nortje,0,1,0,0,0.00,out,PAK Vs SA
543,Pakistan Vs South africa,Pakistan,9,Naseem Shah,,5,3,0,0,166.66,not_out,PAK Vs SA
544,Pakistan Vs South africa,Pakistan,10,Haris Rauf,run out (Klaasen/Bavuma),3,2,0,0,150.00,out,PAK Vs SA
545,Pakistan Vs South africa,South Africa,1,Temba Bavuma,c †Mohammad Rizwan b Shadab Khan,36,19,4,1,189.47,out,PAK Vs SA
546,Pakistan Vs South africa,South Africa,2,Quinton de Kock,c Mohammad Haris b Shaheen Shah Afridi,0,5,0,0,0.00,out,PAK Vs SA
547,Pakistan Vs South africa,South Africa,3,Rilee Rossouw,c Naseem Shah b Shaheen Shah Afridi,7,6,0,1,116.66,out,PAK Vs SA
548,Pakistan Vs South africa,South Africa,4,Aiden Markram, b Shadab Khan,20,14,4,0,142.85,out,PAK Vs SA
549,Pakistan Vs South africa,South Africa,5,Heinrich Klaasen,c Mohammad Wasim b Shaheen Shah Afridi,15,9,3,0,166.66,out,PAK Vs SA
550,Pakistan Vs South africa,South Africa,6,Tristan Stubbs,c Mohammad Nawaz b Naseem Shah,18,18,0,1,100.00,out,PAK Vs SA
551,Pakistan Vs South africa,South Africa,7,Wayne Parnell,lbw b Mohammad Wasim,3,4,0,0,75.00,out,PAK Vs SA
552,Pakistan Vs South africa,South Africa,8,Kagiso Rabada,run out (Mohammad Nawaz/Haris Rauf),1,2,0,0,50.00,out,PAK Vs SA
553,Pakistan Vs South africa,South Africa,9,Anrich Nortje,c Mohammad Haris b Haris Rauf,1,5,0,0,20.00,out,PAK Vs SA
554,Pakistan Vs South africa,South Africa,10,Lungi Ngidi,,4,1,1,0,400.00,not_out,PAK Vs SA
555,Pakistan Vs South africa,South Africa,11,Tabraiz Shamsi,,1,1,0,0,100.00,not_out,PAK Vs SA
556,Ireland Vs New zealand,New Zealand,1,Finn Allen,c Hand b Adair,32,18,5,1,177.77,out,IRE Vs NZ
557,Ireland Vs New zealand,New Zealand,2,Devon Conway,c Adair b Delany,28,33,2,0,84.84,out,IRE Vs NZ
558,Ireland Vs New zealand,New Zealand,3,Kane Williamson,c Delany b Little,61,35,5,3,174.28,out,IRE Vs NZ
559,Ireland Vs New zealand,New Zealand,4,Glenn Phillips,c Dockrell b Delany,17,9,2,1,188.88,out,IRE Vs NZ
560,Ireland Vs New zealand,New Zealand,5,Daryl Mitchell,,31,21,2,0,147.61,not_out,IRE Vs NZ
561,Ireland Vs New zealand,New Zealand,6,James Neesham,lbw b Little,0,1,0,0,0.00,out,IRE Vs NZ
562,Ireland Vs New zealand,New Zealand,7,Mitchell Santner,lbw b Little,0,1,0,0,0.00,out,IRE Vs NZ
563,Ireland Vs New zealand,New Zealand,8,Tim Southee,,1,2,0,0,50.00,not_out,IRE Vs NZ
564,Ireland Vs New zealand,Ireland,1,Paul Stirling, b Sodhi,37,27,3,1,137.03,out,IRE Vs NZ
565,Ireland Vs New zealand,Ireland,2,Andy Balbirnie, b Santner,30,25,0,3,120.00,out,IRE Vs NZ
566,Ireland Vs New zealand,Ireland,3,Lorcan Tucker,c Allen b Sodhi,13,14,0,0,92.85,out,IRE Vs NZ
567,Ireland Vs New zealand,Ireland,4,Harry Tector,c Southee b Santner,2,7,0,0,28.57,out,IRE Vs NZ
568,Ireland Vs New zealand,Ireland,5,Gareth Delany,c †Conway b Ferguson,10,8,2,0,125.00,out,IRE Vs NZ
569,Ireland Vs New zealand,Ireland,6,George Dockrell,c Williamson b Ferguson,23,15,3,0,153.33,out,IRE Vs NZ
570,Ireland Vs New zealand,Ireland,7,Curtis Campher,c Allen b Southee,7,7,1,0,100.00,out,IRE Vs NZ
571,Ireland Vs New zealand,Ireland,8,Fionn Hand,c & b Ferguson,5,3,1,0,166.66,out,IRE Vs NZ
572,Ireland Vs New zealand,Ireland,9,Mark Adair,c Phillips b Southee,4,5,0,0,80.00,out,IRE Vs NZ
573,Ireland Vs New zealand,Ireland,10,Barry McCarthy,,6,5,0,0,120.00,not_out,IRE Vs NZ
574,Ireland Vs New zealand,Ireland,11,Josh Little,,8,4,0,1,200.00,not_out,IRE Vs NZ
575,Afghanistan Vs Australia,Australia,1,David Warner, b Naveen-ul-Haq,25,18,5,0,138.88,out,AFG Vs AUS
576,Afghanistan Vs Australia,Australia,2,Cameron Green,c Gulbadin Naib b Fazalhaq Farooqi,3,2,0,0,150.00,out,AFG Vs AUS
577,Afghanistan Vs Australia,Australia,3,Mitchell Marsh,c †Rahmanullah Gurbaz b Mujeeb Ur Rahman,45,30,3,2,150.00,out,AFG Vs AUS
578,Afghanistan Vs Australia,Australia,4,Steven Smith,lbw b Naveen-ul-Haq,4,4,1,0,100.00,out,AFG Vs AUS
579,Afghanistan Vs Australia,Australia,5,Marcus Stoinis,c Usman Ghani b Rashid Khan,25,21,0,2,119.04,out,AFG Vs AUS
580,Afghanistan Vs Australia,Australia,6,Glenn Maxwell,,54,32,6,2,168.75,not_out,AFG Vs AUS
581,Afghanistan Vs Australia,Australia,7,Matthew Wade, b Fazalhaq Farooqi,6,8,1,0,75.00,out,AFG Vs AUS
582,Afghanistan Vs Australia,Australia,8,Pat Cummins,c Rashid Khan b Naveen-ul-Haq,0,2,0,0,0.00,out,AFG Vs AUS
583,Afghanistan Vs Australia,Australia,9,Kane Richardson,run out (Naveen-ul-Haq),1,1,0,0,100.00,out,AFG Vs AUS
584,Afghanistan Vs Australia,Australia,10,Adam Zampa,,1,1,0,0,100.00,not_out,AFG Vs AUS
585,Afghanistan Vs Australia,Afghanistan,1,Rahmanullah Gurbaz,c Warner b Richardson,30,17,2,2,176.47,out,AFG Vs AUS
586,Afghanistan Vs Australia,Afghanistan,2,Usman Ghani,c Cummins b Hazlewood,2,7,0,0,28.57,out,AFG Vs AUS
587,Afghanistan Vs Australia,Afghanistan,3,Ibrahim Zadran,c Marsh b Zampa,26,33,2,0,78.78,out,AFG Vs AUS
588,Afghanistan Vs Australia,Afghanistan,4,Gulbadin Naib,run out (Maxwell),39,23,3,2,169.56,out,AFG Vs AUS
589,Afghanistan Vs Australia,Afghanistan,5,Mohammad Nabi,c Warner b Hazlewood,1,2,0,0,50.00,out,AFG Vs AUS
590,Afghanistan Vs Australia,Afghanistan,6,Najibullah Zadran,c Maxwell b Zampa,0,2,0,0,0.00,out,AFG Vs AUS
591,Afghanistan Vs Australia,Afghanistan,7,Darwish Rasooli,run out (†Wade/Stoinis),15,13,1,0,115.38,out,AFG Vs AUS
592,Afghanistan Vs Australia,Afghanistan,8,Rashid Khan,,48,23,3,4,208.69,not_out,AFG Vs AUS
593,Afghanistan Vs Australia,Afghanistan,9,NaveenulHaq,,0,0,0,0,-,not_out,AFG Vs AUS
594,England Vs Sri lanka,Sri Lanka,1,Pathum Nissanka,c sub (CJ Jordan) b Rashid,67,45,2,5,148.88,out,ENG Vs SL
595,England Vs Sri lanka,Sri Lanka,2,Kusal Mendis,c Livingstone b Woakes,18,14,1,1,128.57,out,ENG Vs SL
596,England Vs Sri lanka,Sri Lanka,3,Dhananjaya de Silva,c Stokes b Curran,9,11,0,0,81.81,out,ENG Vs SL
597,England Vs Sri lanka,Sri Lanka,4,Charith Asalanka,c Malan b Stokes,8,9,0,0,88.88,out,ENG Vs SL
598,England Vs Sri lanka,Sri Lanka,5,Bhanuka Rajapaksa,c Curran b Wood,22,22,3,0,100.00,out,ENG Vs SL
599,England Vs Sri lanka,Sri Lanka,6,Dasun Shanaka,c †Buttler b Wood,3,8,0,0,37.50,out,ENG Vs SL
600,England Vs Sri lanka,Sri Lanka,7,Wanindu Hasaranga de Silva,run out (†Buttler/Wood),9,9,1,0,100.00,out,ENG Vs SL
601,England Vs Sri lanka,Sri Lanka,8,Chamika Karunaratne,c Hales b Wood,0,2,0,0,0.00,out,ENG Vs SL
602,England Vs Sri lanka,Sri Lanka,9,Maheesh Theekshana,,0,0,0,0,-,not_out,ENG Vs SL
603,England Vs Sri lanka,England,1,Jos Buttler,c Karunaratne b PWH de Silva,28,23,2,1,121.73,out,ENG Vs SL
604,England Vs Sri lanka,England,2,Alex Hales,c & b PWH de Silva,47,30,7,1,156.66,out,ENG Vs SL
605,England Vs Sri lanka,England,3,Ben Stokes,,42,36,2,0,116.66,not_out,ENG Vs SL
606,England Vs Sri lanka,England,4,Harry Brook,c & b DM de Silva,4,5,0,0,80.00,out,ENG Vs SL
607,England Vs Sri lanka,England,5,Liam Livingstone,c DM de Silva b Kumara,4,6,0,0,66.66,out,ENG Vs SL
608,England Vs Sri lanka,England,6,Moeen Ali,c Shanaka b DM de Silva,1,5,0,0,20.00,out,ENG Vs SL
609,England Vs Sri lanka,England,7,Sam Curran,c Rajitha b Kumara,6,11,0,0,54.54,out,ENG Vs SL
610,England Vs Sri lanka,England,8,Chris Woakes,,5,3,1,0,166.66,not_out,ENG Vs SL
611,Netherlands Vs South africa,Netherlands,1,Stephan Myburgh,c Rossouw b Markram,37,30,7,0,123.33,out,NED Vs SA
612,Netherlands Vs South africa,Netherlands,2,Max ODowd,c Rabada b Maharaj,29,31,1,1,93.54,out,NED Vs SA
613,Netherlands Vs South africa,Netherlands,3,Tom Cooper,c †de Kock b Maharaj,35,19,2,2,184.21,out,NED Vs SA
614,Netherlands Vs South africa,Netherlands,4,Colin Ackermann,,41,26,3,2,157.69,not_out,NED Vs SA
615,Netherlands Vs South africa,Netherlands,5,Bas de Leede, b Nortje,1,7,0,0,14.28,out,NED Vs SA
616,Netherlands Vs South africa,Netherlands,6,Scott Edwards,,12,7,2,0,171.42,not_out,NED Vs SA
617,Netherlands Vs South africa,South Africa,1,Quinton de Kock,c †Edwards b Klaassen,13,13,1,1,100.00,out,NED Vs SA
618,Netherlands Vs South africa,South Africa,2,Temba Bavuma, b van Meekeren,20,20,2,0,100.00,out,NED Vs SA
619,Netherlands Vs South africa,South Africa,3,Rilee Rossouw,c O'Dowd b Glover,25,19,2,0,131.57,out,NED Vs SA
620,Netherlands Vs South africa,South Africa,4,Aiden Markram,c Myburgh b Klaassen,17,13,2,0,130.76,out,NED Vs SA
621,Netherlands Vs South africa,South Africa,5,David Miller,c van der Merwe b Glover,17,17,1,0,100.00,out,NED Vs SA
622,Netherlands Vs South africa,South Africa,6,Heinrich Klaasen,c van Beek b de Leede,21,18,0,1,116.66,out,NED Vs SA
623,Netherlands Vs South africa,South Africa,7,Wayne Parnell,c †Edwards b Glover,0,2,0,0,0.00,out,NED Vs SA
624,Netherlands Vs South africa,South Africa,8,Keshav Maharaj,c O'Dowd b de Leede,13,12,0,1,108.33,out,NED Vs SA
625,Netherlands Vs South africa,South Africa,9,Kagiso Rabada,,9,8,0,0,112.50,not_out,NED Vs SA
626,Netherlands Vs South africa,South Africa,10,Anrich Nortje,,4,1,1,0,400.00,not_out,NED Vs SA
627,Bangladesh Vs Pakistan,Bangladesh,1,Najmul Hossain Shanto, b Iftikhar Ahmed,54,48,7,0,112.50,out,BAN Vs PAK
628,Bangladesh Vs Pakistan,Bangladesh,2,Litton Das,c Shan Masood b Shaheen Shah Afridi,10,8,0,1,125.00,out,BAN Vs PAK
629,Bangladesh Vs Pakistan,Bangladesh,3,Soumya Sarkar,c Shan Masood b Shadab Khan,20,17,1,1,117.64,out,BAN Vs PAK
630,Bangladesh Vs Pakistan,Bangladesh,4,Shakib Al Hasan,lbw b Shadab Khan,0,1,0,0,0.00,out,BAN Vs PAK
631,Bangladesh Vs Pakistan,Bangladesh,5,Afif Hossain,,24,20,3,0,120.00,not_out,BAN Vs PAK
632,Bangladesh Vs Pakistan,Bangladesh,6,Mosaddek Hossain, b Shaheen Shah Afridi,5,11,0,0,45.45,out,BAN Vs PAK
633,Bangladesh Vs Pakistan,Bangladesh,7,Nurul Hasan,c Mohammad Haris b Shaheen Shah Afridi,0,3,0,0,0.00,out,BAN Vs PAK
634,Bangladesh Vs Pakistan,Bangladesh,8,Taskin Ahmed,c Babar Azam b Shaheen Shah Afridi,1,5,0,0,20.00,out,BAN Vs PAK
635,Bangladesh Vs Pakistan,Bangladesh,9,Nasum Ahmed,c Mohammad Wasim b Haris Rauf,7,6,1,0,116.66,out,BAN Vs PAK
636,Bangladesh Vs Pakistan,Bangladesh,10,Mustafizur Rahman,,0,1,0,0,0.00,not_out,BAN Vs PAK
637,Bangladesh Vs Pakistan,Pakistan,1,Mohammad Rizwan,c Najmul Hossain Shanto b Ebadot Hossain,32,32,2,1,100.00,out,BAN Vs PAK
638,Bangladesh Vs Pakistan,Pakistan,2,Babar Azam,c Mustafizur Rahman b Nasum Ahmed,25,33,2,0,75.75,out,BAN Vs PAK
639,Bangladesh Vs Pakistan,Pakistan,3,Mohammad Nawaz,run out (Litton Das),4,11,0,0,36.36,out,BAN Vs PAK
640,Bangladesh Vs Pakistan,Pakistan,4,Mohammad Haris,c Nasum Ahmed b Shakib Al Hasan,31,18,1,2,172.22,out,BAN Vs PAK
641,Bangladesh Vs Pakistan,Pakistan,5,Shan Masood,,24,14,2,0,171.42,not_out,BAN Vs PAK
642,Bangladesh Vs Pakistan,Pakistan,6,Iftikhar Ahmed,c Najmul Hossain Shanto b Mustafizur Rahman,1,3,0,0,33.33,out,BAN Vs PAK
643,Bangladesh Vs Pakistan,Pakistan,7,Shadab Khan,,0,0,0,0,-,not_out,BAN Vs PAK
644,India Vs Zimbabwe,India,1,KL Rahul,c Masakadza b Sikandar Raza,51,35,3,3,145.71,out,IND Vs ZIM
645,India Vs Zimbabwe,India,2,Rohit Sharma,c Masakadza b Muzarabani,15,13,2,0,115.38,out,IND Vs ZIM
646,India Vs Zimbabwe,India,3,Virat Kohli,c Burl b Williams,26,25,2,0,104.00,out,IND Vs ZIM
647,India Vs Zimbabwe,India,4,Suryakumar Yadav,,61,25,6,4,244.00,not_out,IND Vs ZIM
648,India Vs Zimbabwe,India,5,Rishabh Pant,c Burl b Williams,3,5,0,0,60.00,out,IND Vs ZIM
649,India Vs Zimbabwe,India,6,Hardik Pandya,c Muzarabani b Ngarava,18,18,2,0,100.00,out,IND Vs ZIM
650,India Vs Zimbabwe,India,7,Axar Patel,,0,0,0,0,-,not_out,IND Vs ZIM
651,India Vs Zimbabwe,Zimbabwe,1,Wessly Madhevere,c Kohli b Kumar,0,1,0,0,0.00,out,IND Vs ZIM
652,India Vs Zimbabwe,Zimbabwe,2,Craig Ervine,c & b Pandya,13,15,2,0,86.66,out,IND Vs ZIM
653,India Vs Zimbabwe,Zimbabwe,3,Regis Chakabva, b Arshdeep Singh,0,6,0,0,0.00,out,IND Vs ZIM
654,India Vs Zimbabwe,Zimbabwe,4,Sean Williams,c Kumar b Mohammed Shami,11,18,0,1,61.11,out,IND Vs ZIM
655,India Vs Zimbabwe,Zimbabwe,5,Sikandar Raza,c Yadav b Pandya,34,24,3,0,141.66,out,IND Vs ZIM
656,India Vs Zimbabwe,Zimbabwe,6,Tony Munyonga,lbw b Mohammed Shami,5,4,1,0,125.00,out,IND Vs ZIM
657,India Vs Zimbabwe,Zimbabwe,7,Ryan Burl, b Ashwin,35,22,5,1,159.09,out,IND Vs ZIM
658,India Vs Zimbabwe,Zimbabwe,8,Wellington Masakadza,c Sharma b Ashwin,1,7,0,0,14.28,out,IND Vs ZIM
659,India Vs Zimbabwe,Zimbabwe,9,Richard Ngarava, b Ashwin,1,2,0,0,50.00,out,IND Vs ZIM
660,India Vs Zimbabwe,Zimbabwe,10,Tendai Chatara,c & b Patel,4,4,1,0,100.00,out,IND Vs ZIM
661,India Vs Zimbabwe,Zimbabwe,11,Blessing Muzarabani,,0,2,0,0,0.00,not_out,IND Vs ZIM
662,New zealand Vs Pakistan,New Zealand,1,Finn Allen,lbw b Shaheen Shah Afridi,4,3,1,0,133.33,out,NZ Vs PAK
663,New zealand Vs Pakistan,New Zealand,2,Devon Conway,run out (Shadab Khan),21,20,3,0,105.00,out,NZ Vs PAK
664,New zealand Vs Pakistan,New Zealand,3,Kane Williamson, b Shaheen Shah Afridi,46,42,1,1,109.52,out,NZ Vs PAK
665,New zealand Vs Pakistan,New Zealand,4,Glenn Phillips,c & b Mohammad Nawaz,6,8,1,0,75.00,out,NZ Vs PAK
666,New zealand Vs Pakistan,New Zealand,5,Daryl Mitchell,,53,35,3,1,151.42,not_out,NZ Vs PAK
667,New zealand Vs Pakistan,New Zealand,6,James Neesham,,16,12,1,0,133.33,not_out,NZ Vs PAK
668,New zealand Vs Pakistan,Pakistan,1,Mohammad Rizwan,c Phillips b Boult,57,43,5,0,132.55,out,NZ Vs PAK
669,New zealand Vs Pakistan,Pakistan,2,Babar Azam,c Mitchell b Boult,53,42,7,0,126.19,out,NZ Vs PAK
670,New zealand Vs Pakistan,Pakistan,3,Mohammad Haris,c Allen b Santner,30,26,2,1,115.38,out,NZ Vs PAK
671,New zealand Vs Pakistan,Pakistan,4,Shan Masood,,3,4,0,0,75.00,not_out,NZ Vs PAK
672,New zealand Vs Pakistan,Pakistan,5,Iftikhar Ahmed,,0,0,0,0,-,not_out,NZ Vs PAK
673,England Vs India,India,1,KL Rahul,c †Buttler b Woakes,5,5,1,0,100.00,out,ENG Vs IND
674,England Vs India,India,2,Rohit Sharma,c Curran b Jordan,27,28,4,0,96.42,out,ENG Vs IND
675,England Vs India,India,3,Virat Kohli,c Rashid b Jordan,50,40,4,1,125.00,out,ENG Vs IND
676,England Vs India,India,4,Suryakumar Yadav,c Salt b Rashid,14,10,1,1,140.00,out,ENG Vs IND
677,England Vs India,India,5,Hardik Pandya,hit wicket b Jordan,63,33,4,5,190.90,out,ENG Vs IND
678,England Vs India,India,6,Rishabh Pant,run out (†Buttler/Jordan),6,4,1,0,150.00,out,ENG Vs IND
679,England Vs India,India,7,Ravichandran Ashwin,,0,0,0,0,-,not_out,ENG Vs IND
680,England Vs India,England,1,Jos Buttler,,80,49,9,3,163.26,not_out,ENG Vs IND
681,England Vs India,England,2,Alex Hales,,86,47,4,7,182.97,not_out,ENG Vs IND
682,England Vs Pakistan,Pakistan,1,Mohammad Rizwan, b Curran,15,14,0,1,107.14,out,ENG Vs PAK
683,England Vs Pakistan,Pakistan,2,Babar Azam,c & b Rashid,32,28,2,0,114.28,out,ENG Vs PAK
684,England Vs Pakistan,Pakistan,3,Mohammad Haris,c Stokes b Rashid,8,12,1,0,66.66,out,ENG Vs PAK
685,England Vs Pakistan,Pakistan,4,Shan Masood,c Livingstone b Curran,38,28,2,1,135.71,out,ENG Vs PAK
686,England Vs Pakistan,Pakistan,5,Iftikhar Ahmed,c †Buttler b Stokes,0,6,0,0,0.00,out,ENG Vs PAK
687,England Vs Pakistan,Pakistan,6,Shadab Khan,c Woakes b Jordan,20,14,2,0,142.85,out,ENG Vs PAK
688,England Vs Pakistan,Pakistan,7,Mohammad Nawaz,c Livingstone b Curran,5,7,0,0,71.42,out,ENG Vs PAK
689,England Vs Pakistan,Pakistan,8,Mohammad Wasim,c Livingstone b Jordan,4,8,0,0,50.00,out,ENG Vs PAK
690,England Vs Pakistan,Pakistan,9,Shaheen Shah Afridi,,5,3,1,0,166.66,not_out,ENG Vs PAK
691,England Vs Pakistan,Pakistan,10,Haris Rauf,,1,1,0,0,100.00,not_out,ENG Vs PAK
692,England Vs Pakistan,England,1,Jos Buttler,c †Mohammad Rizwan b Haris Rauf,26,17,3,1,152.94,out,ENG Vs PAK
693,England Vs Pakistan,England,2,Alex Hales, b Shaheen Shah Afridi,1,2,0,0,50.00,out,ENG Vs PAK
694,England Vs Pakistan,England,3,Phil Salt,c Iftikhar Ahmed b Haris Rauf,10,9,2,0,111.11,out,ENG Vs PAK
695,England Vs Pakistan,England,4,Ben Stokes,,52,49,5,1,106.12,not_out,ENG Vs PAK
696,England Vs Pakistan,England,5,Harry Brook,c Shaheen Shah Afridi b Shadab Khan,20,23,1,0,86.95,out,ENG Vs PAK
697,England Vs Pakistan,England,6,Moeen Ali, b Mohammad Wasim,19,13,3,0,146.15,out,ENG Vs PAK
698,England Vs Pakistan,England,7,Liam Livingstone,,1,1,0,0,100.00,not_out,ENG Vs PAK
